sku,nombre_producto,categoria,marca,precio,stock,estado,fecha_actualizacion,tiene_imagen,tiene_descripcion
SKU00001,Producto 1,Televisores,Samsung,259805,0,Activo,2026-04-27,0,0
SKU00002,Producto 2,Celulares,LG,1220528,32,Activo,2026-07-24,0,0
SKU00003,Producto 3,Computadores,Lenovo,4624866,87,Activo,2026-08-01,0,0
SKU00004,Producto 4,Electrohogar,Sony,316612,76,Activo,2026-08-30,0,0
SKU00005,Producto 5,Videojuegos,LG,2001701,12,Activo,2025-12-30,0,0
SKU00006,Producto 6,Televisores,Samsung,4758064,78,Activo,2026-06-05,0,0
SKU00007,Producto 7,Celulares,Lenovo,4621300,92,Activo,2026-02-12,0,0
SKU00008,Producto 8,Computadores,Sony,4993118,29,Activo,2026-04-25,0,0
SKU00009,Producto 9,Electrohogar,LG,3595146,1,Activo,2026-03-24,0,0
SKU00010,Producto 10,Videojuegos,LG,1856182,36,Inactivo,2026-03-26,0,0
SKU00011,Producto 11,Televisores,Samsung,3237061,0,Activo,2026-07-27,0,0
SKU00012,Producto 12,Celulares,Apple,2268961,46,Activo,2026-08-23,0,0
SKU00013,Producto 13,Computadores,Sony,4548207,94,Activo,2026-07-13,0,0
SKU00014,Producto 14,Electrohogar,Samsung,4680852,49,Activo,2026-04-17,0,0
SKU00015,Producto 15,Videojuegos,HP,3083614,81,Activo,2025-11-23,0,0
SKU00016,Producto 16,Televisores,Lenovo,633470,25,Activo,2026-08-22,0,0
SKU00017,Producto 17,Celulares,LG,2477562,85,Activo,2026-08-05,0,0
SKU00018,Producto 18,Computadores,Samsung,3238729,30,Activo,2026-04-25,0,0
SKU00019,Producto 19,Electrohogar,Lenovo,3110434,59,Activo,2026-06-23,0,0
SKU00020,Producto 20,Videojuegos,Apple,1807472,48,Inactivo,2025-10-06,0,0
SKU00021,Producto 21,Televisores,Lenovo,648967,0,Activo,2025-11-07,0,0
SKU00022,Producto 22,Celulares,LG,4530690,82,Activo,2026-05-12,0,0
SKU00023,Producto 23,Computadores,Sony,3233102,21,Activo,2026-04-29,0,0
SKU00024,Producto 24,Electrohogar,Lenovo,4722033,82,Activo,2026-05-25,0,0
SKU00025,Producto 25,Videojuegos,Apple,519241,88,Activo,2026-05-20,0,0
SKU00026,Producto 26,Televisores,Apple,3415214,5,Activo,2026-04-30,0,0
SKU00027,Producto 27,Celulares,LG,4807851,9,Activo,2026-04-06,0,0
SKU00028,Producto 28,Computadores,Lenovo,4237855,28,Activo,2026-02-24,0,0
SKU00029,Producto 29,Electrohogar,Sony,1248493,83,Activo,2026-05-02,0,0
SKU00030,Producto 30,Videojuegos,LG,4759097,18,Inactivo,2025-12-13,0,0
SKU00031,Producto 31,Televisores,Lenovo,0,0,Activo,2026-02-07,0,0
SKU00032,Producto 32,Celulares,Sony,0,75,Activo,2026-05-25,0,0
SKU00033,Producto 33,Computadores,HP,0,18,Activo,2026-07-30,0,0
SKU00034,Producto 34,Electrohogar,Samsung,0,97,Activo,2026-06-28,0,0
SKU00035,Producto 35,Videojuegos,LG,0,81,Activo,2025-11-13,0,0
SKU00036,Producto 36,Televisores,Sony,0,9,Activo,2025-11-13,0,0
SKU00037,Producto 37,Celulares,HP,0,60,Activo,2025-12-05,0,0
SKU00038,Producto 38,Computadores,Lenovo,0,2,Activo,2025-09-30,0,0
SKU00039,Producto 39,Electrohogar,Apple,0,69,Activo,2026-07-19,0,0
SKU00040,Producto 40,Videojuegos,Sony,0,38,Inactivo,2026-01-25,0,0
SKU00041,Producto 41,Televisores,Lenovo,0,0,Activo,2026-01-01,0,0
SKU00042,Producto 42,Celulares,LG,0,98,Activo,2026-07-22,0,0
SKU00043,Producto 43,Computadores,Apple,0,81,Activo,2025-11-07,0,0
SKU00044,Producto 44,Electrohogar,LG,0,26,Activo,2026-06-24,0,0
SKU00045,Producto 45,Videojuegos,HP,0,70,Activo,2025-11-12,0,0
SKU00046,Producto 46,Televisores,Sony,-1000,42,Activo,2026-07-19,0,0
SKU00047,Producto 47,Celulares,Apple,-1000,47,Activo,2026-08-16,0,0
SKU00048,Producto 48,Computadores,HP,-1000,31,Activo,2026-08-02,0,0
SKU00049,Producto 49,Electrohogar,Sony,-1000,94,Activo,2025-12-16,0,0
SKU00050,Producto 50,Videojuegos,LG,-1000,99,Inactivo,2025-10-12,0,0
SKU00051,Producto 51,Televisores,HP,-1000,0,Activo,2026-05-02,0,0
SKU00052,Producto 52,Celulares,HP,-1000,68,Activo,2026-05-29,0,0
SKU00053,Producto 53,Computadores,Lenovo,-1000,70,Activo,2025-09-14,0,0
SKU00054,Producto 54,Electrohogar,Sony,-1000,40,Activo,2026-02-02,0,0
SKU00055,Producto 55,Videojuegos,Sony,-1000,67,Activo,2026-05-11,0,0
SKU00056,Producto 56,Televisores,,2886067,29,Activo,2026-09-04,0,0
SKU00057,Producto 57,Celulares,,1980342,76,Activo,2025-11-17,0,0
SKU00058,Producto 58,Computadores,,645533,29,Activo,2025-09-17,0,0
SKU00059,Producto 59,Electrohogar,,1970502,81,Activo,2026-08-11,0,0
SKU00060,Producto 60,Videojuegos,,644394,5,Inactivo,2025-12-25,0,0
SKU00061,Producto 61,Televisores,,4121951,0,Activo,2026-05-28,0,0
SKU00062,Producto 62,Celulares,,4840256,70,Activo,2025-11-23,0,0
SKU00063,Producto 63,Computadores,,4017584,61,Activo,2026-02-18,0,0
SKU00064,Producto 64,Electrohogar,,863114,25,Activo,2025-10-12,0,0
SKU00065,Producto 65,Videojuegos,,3603235,56,Activo,2026-02-16,0,0
SKU00066,Producto 66,Televisores,,504420,60,Activo,2025-10-05,0,0
SKU00067,Producto 67,Celulares,,875588,84,Activo,2026-08-14,0,0
SKU00068,Producto 68,Computadores,,2896276,52,Activo,2026-07-21,0,0
SKU00069,Producto 69,Electrohogar,,1645587,32,Activo,2025-12-14,0,0
SKU00070,Producto 70,Videojuegos,,3588999,58,Inactivo,2026-06-13,0,0
SKU00071,Producto 71,Televisores,,2145528,0,Activo,2026-08-07,0,0
SKU00072,Producto 72,Celulares,,871317,57,Activo,2026-08-20,0,0
SKU00073,Producto 73,Computadores,,173797,84,Activo,2026-07-29,0,0
SKU00074,Producto 74,Electrohogar,,1445118,97,Activo,2026-02-18,0,0
SKU00075,Producto 75,Videojuegos,,1843042,63,Activo,2026-02-21,0,0
SKU00076,Producto 76,televisores,LG,3229056,8,Activo,2026-09-13,0,0
SKU00077,Producto 77,televisores,Apple,3866886,50,Activo,2026-04-21,0,0
SKU00078,Producto 78,televisores,Lenovo,4712122,55,Activo,2025-10-11,0,0
SKU00079,Producto 79,televisores,Sony,1348529,92,Activo,2026-06-09,0,0
SKU00080,Producto 80,televisores,LG,540593,38,Inactivo,2025-11-22,0,0
SKU00081,Producto 81,televisores,HP,561349,0,Activo,2026-04-07,0,0
SKU00082,Producto 82,televisores,Samsung,4950436,8,Activo,2026-01-13,0,0
SKU00083,Producto 83,televisores,HP,1370641,65,Activo,2026-08-16,0,0
SKU00084,Producto 84,televisores,Samsung,1608812,66,Activo,2026-08-10,0,0
SKU00085,Producto 85,televisores,Samsung,2023033,77,Activo,2026-02-20,0,0
SKU00086,Producto 86,TELEVISORES,HP,2115404,16,Activo,2025-11-22,0,0
SKU00087,Producto 87,TELEVISORES,Samsung,737726,77,Activo,2026-02-12,0,0
SKU00088,Producto 88,TELEVISORES,HP,4791467,85,Activo,2025-12-21,0,0
SKU00089,Producto 89,TELEVISORES,Apple,1763450,41,Activo,2025-10-07,0,0
SKU00090,Producto 90,TELEVISORES,Apple,2052242,92,Inactivo,2026-05-02,0,0
SKU00091,Producto 91,TELEVISORES,LG,2566557,0,Activo,2026-01-23,0,0
SKU00092,Producto 92,TELEVISORES,Samsung,128143,41,Activo,2026-01-23,0,0
SKU00093,Producto 93,TELEVISORES,HP,888703,80,Activo,2026-08-08,0,0
SKU00094,Producto 94,TELEVISORES,LG,4293668,69,Activo,2026-05-02,0,0
SKU00095,Producto 95,TELEVISORES,Apple,627063,17,Activo,2026-05-12,0,0
SKU00096,Producto 96,  Televisores ,Apple,1373276,48,Activo,2026-02-02,0,0
SKU00097,Producto 97,  Televisores ,Lenovo,2587697,70,Activo,2025-11-05,0,0
SKU00098,Producto 98,  Televisores ,HP,115624,84,Activo,2025-10-08,0,0
SKU00099,Producto 99,  Televisores ,Apple,918946,71,Activo,2026-07-08,0,0
SKU00100,Producto 100,  Televisores ,Samsung,947882,34,Inactivo,2025-12-05,0,0
SKU00101,Producto 101,  Televisores ,Apple,2413542,0,Activo,2025-11-09,0,0
SKU00102,Producto 102,  Televisores ,Lenovo,2926288,27,Activo,2026-06-02,0,0
SKU00103,Producto 103,  Televisores ,Lenovo,2264457,88,Activo,2025-12-30,0,0
SKU00104,Producto 104,  Televisores ,Apple,476132,63,Activo,2026-07-29,0,0
SKU00105,Producto 105,  Televisores ,Sony,2370961,82,Activo,2026-08-23,0,0
SKU00106,Producto 106,electro hogar,Apple,1147394,1,Activo,2025-10-23,0,0
SKU00107,Producto 107,electro hogar,LG,3756384,34,Activo,2025-12-06,0,0
SKU00108,Producto 108,electro hogar,Sony,4755227,91,Activo,2026-09-10,0,0
SKU00109,Producto 109,electro hogar,Samsung,1300357,15,Activo,2025-12-09,0,0
SKU00110,Producto 110,electro hogar,Apple,4936444,5,Inactivo,2025-12-06,0,0
SKU00111,Producto 111,electro hogar,Sony,1119090,0,Activo,2026-08-24,0,0
SKU00112,Producto 112,electro hogar,Apple,384662,40,Activo,2026-03-15,0,0
SKU00113,Producto 113,electro hogar,Lenovo,2143207,27,Activo,2025-10-08,0,0
SKU00114,Producto 114,electro hogar,Apple,4746643,14,Activo,2026-02-18,0,0
SKU00115,Producto 115,electro hogar,Lenovo,1346487,80,Activo,2026-05-16,0,0
SKU00116,Producto 116,Televisores,LG,3508576,21,Activo,2026-09-02,0,0
SKU00117,Producto 117,Celulares,Lenovo,2836573,23,Activo,2026-02-16,0,0
SKU00118,Producto 118,Computadores,Lenovo,2131777,86,Activo,2026-05-01,0,0
SKU00119,Producto 119,Electrohogar,Lenovo,956771,21,Activo,2026-03-03,0,0
SKU00120,Producto 120,Videojuegos,Sony,1915909,5,Inactivo,2026-06-04,0,0
SKU00121,Producto 121,Televisores,Apple,2610126,0,Activo,2026-05-21,0,0
SKU00122,Producto 122,Celulares,Samsung,1670090,29,Activo,2026-02-22,0,0
SKU00123,Producto 123,Computadores,Apple,632343,43,Activo,2026-04-25,0,0
SKU00124,Producto 124,Electrohogar,Lenovo,4323204,45,Activo,2026-02-22,0,0
SKU00125,Producto 125,Videojuegos,HP,2827886,87,Activo,2026-08-31,0,0
SKU00126,Producto 126,Televisores,Apple,1547935,15,Activo,2025-11-21,0,0
SKU00127,Producto 127,Celulares,Samsung,959346,34,Activo,2025-11-13,0,0
SKU00128,Producto 128,Computadores,Apple,2681316,56,Activo,2026-02-03,0,0
SKU00129,Producto 129,Electrohogar,HP,1020107,78,Activo,2026-03-01,0,0
SKU00130,Producto 130,Videojuegos,LG,2186767,74,Inactivo,2026-08-23,0,0
SKU00131,Producto 131,Televisores,Sony,64187,0,Activo,2025-12-22,0,0
SKU00132,Producto 132,Celulares,Lenovo,1702850,69,Activo,2026-03-12,0,0
SKU00133,Producto 133,Computadores,Samsung,2819918,56,Activo,2025-10-30,0,0
SKU00134,Producto 134,Electrohogar,Lenovo,1095432,41,Activo,2026-04-14,0,0
SKU00135,Producto 135,Videojuegos,Apple,3475848,65,Activo,2026-03-31,0,0
SKU00136,Producto 136,Televisores,Lenovo,2530135,52,Activo,2025-12-05,0,0
SKU00137,Producto 137,Celulares,LG,3576959,17,Activo,2025-10-09,0,0
SKU00138,Producto 138,Computadores,Lenovo,1509847,49,Activo,2025-11-03,0,0
SKU00139,Producto 139,Electrohogar,Apple,3456405,73,Activo,2025-12-08,0,0
SKU00140,Producto 140,Videojuegos,Apple,2456806,1,Inactivo,2026-05-30,0,0
SKU00141,Producto 141,Televisores,HP,2753222,0,Activo,2026-01-19,0,0
SKU00142,Producto 142,Celulares,Sony,1842657,57,Activo,2025-12-27,0,0
SKU00143,Producto 143,Computadores,Lenovo,1473474,61,Activo,2025-10-12,0,0
SKU00144,Producto 144,Electrohogar,Apple,4373924,11,Activo,2025-10-10,0,0
SKU00145,Producto 145,Videojuegos,HP,2861762,82,Activo,2026-07-29,0,0
SKU00146,Producto 146,Televisores,LG,2653987,97,Activo,2026-05-22,0,0
SKU00147,Producto 147,Celulares,LG,254895,26,Activo,2026-08-22,0,0
SKU00148,Producto 148,Computadores,Sony,660927,32,Activo,2026-01-24,0,0
SKU00149,Producto 149,Electrohogar,Lenovo,4879077,54,Activo,2026-06-07,0,0
SKU00150,Producto 150,Videojuegos,Lenovo,3271044,92,Inactivo,2026-01-04,0,0
SKU00151,Producto 151,Televisores,LG,1287918,0,Activo,2025-10-14,0,0
SKU00152,Producto 152,Celulares,Samsung,944119,89,Activo,2026-02-09,0,0
SKU00153,Producto 153,Computadores,LG,4394944,29,Activo,2026-01-20,0,0
SKU00154,Producto 154,Electrohogar,HP,2140426,7,Activo,2026-07-14,0,0
SKU00155,Producto 155,Videojuegos,LG,3947709,59,Activo,2025-10-08,0,0
SKU00156,Producto 156,Televisores,HP,2711688,68,Activo,2026-01-31,0,0
SKU00157,Producto 157,Celulares,Lenovo,4284386,79,Activo,2026-02-08,0,0
SKU00158,Producto 158,Computadores,Sony,1385113,71,Activo,2026-01-14,0,0
SKU00159,Producto 159,Electrohogar,Apple,2123997,58,Activo,2025-10-23,0,0
SKU00160,Producto 160,Videojuegos,HP,4115094,36,Inactivo,2025-10-29,0,0
SKU00161,Producto 161,Televisores,Apple,3739918,0,Activo,2026-08-06,0,0
SKU00162,Producto 162,Celulares,Apple,2017074,92,Activo,2026-04-28,0,0
SKU00163,Producto 163,Computadores,Apple,4581125,43,Activo,2026-08-04,0,0
SKU00164,Producto 164,Electrohogar,LG,1989961,18,Activo,2026-03-02,0,0
SKU00165,Producto 165,Videojuegos,LG,1844766,89,Activo,2026-08-13,0,0
SKU00166,Producto 166,Televisores,Sony,2825634,54,Activo,2025-12-11,0,0
SKU00167,Producto 167,Celulares,Sony,572322,60,Activo,2026-06-01,0,0
SKU00168,Producto 168,Computadores,Sony,4949613,54,Activo,2025-09-23,0,0
SKU00169,Producto 169,Electrohogar,HP,3240867,3,Activo,2026-01-13,0,0
SKU00170,Producto 170,Videojuegos,Apple,2554944,1,Inactivo,2026-02-27,0,0
SKU00171,Producto 171,Televisores,HP,4631289,0,Activo,2025-11-10,0,0
SKU00172,Producto 172,Celulares,Sony,1890642,29,Activo,2026-04-28,0,0
SKU00173,Producto 173,Computadores,Sony,293477,56,Activo,2026-02-27,0,0
SKU00174,Producto 174,Electrohogar,Lenovo,3441654,44,Activo,2026-06-22,0,0
SKU00175,Producto 175,Videojuegos,LG,4530553,60,Activo,2026-09-01,0,0
SKU00176,Producto 176,Televisores,HP,4784463,51,Activo,2025-10-10,0,0
SKU00177,Producto 177,Celulares,Samsung,3645464,4,Activo,2026-07-07,0,0
SKU00178,Producto 178,Computadores,LG,471818,60,Activo,2026-05-04,0,0
SKU00179,Producto 179,Electrohogar,Apple,1825535,49,Activo,2026-01-25,0,0
SKU00180,Producto 180,Videojuegos,Apple,3230341,42,Inactivo,2026-04-25,0,0
SKU00181,Producto 181,Televisores,Sony,2166206,0,Activo,2026-08-04,1,0
SKU00182,Producto 182,Celulares,Samsung,4574974,61,Activo,2026-08-19,1,0
SKU00183,Producto 183,Computadores,LG,625612,45,Activo,2025-10-16,1,0
SKU00184,Producto 184,Electrohogar,Samsung,2124362,6,Activo,2026-06-04,1,0
SKU00185,Producto 185,Videojuegos,HP,1328275,3,Activo,2026-05-15,1,0
SKU00186,Producto 186,Televisores,Sony,1009568,17,Activo,2025-11-30,1,0
SKU00187,Producto 187,Celulares,Sony,2199527,28,Activo,2026-03-10,1,0
SKU00188,Producto 188,Computadores,HP,1010771,22,Activo,2026-06-23,1,0
SKU00189,Producto 189,Electrohogar,Samsung,4904359,40,Activo,2026-09-01,1,0
SKU00190,Producto 190,Videojuegos,HP,3198302,40,Inactivo,2026-02-23,1,0
SKU00191,Producto 191,Televisores,LG,687504,0,Activo,2025-11-15,1,0
SKU00192,Producto 192,Celulares,Lenovo,2087168,89,Activo,2026-07-24,1,0
SKU00193,Producto 193,Computadores,Apple,1065483,90,Activo,2025-11-29,1,0
SKU00194,Producto 194,Electrohogar,Apple,4518991,6,Activo,2026-02-07,1,0
SKU00195,Producto 195,Videojuegos,Apple,628451,85,Activo,2025-12-29,1,0
SKU00196,Producto 196,Televisores,Apple,156133,83,Activo,2026-02-11,1,0
SKU00197,Producto 197,Celulares,Samsung,3686657,63,Activo,2026-03-13,1,0
SKU00198,Producto 198,Computadores,Sony,1333382,82,Activo,2026-02-04,1,0
SKU00199,Producto 199,Electrohogar,Lenovo,4426728,23,Activo,2025-10-16,1,0
SKU00200,Producto 200,Videojuegos,HP,4564521,35,Inactivo,2026-01-10,1,0
SKU00201,Producto 201,Televisores,Sony,2301464,0,Activo,2026-04-02,1,0
SKU00202,Producto 202,Celulares,Samsung,2389819,32,Activo,2026-01-27,1,0
SKU00203,Producto 203,Computadores,Sony,4830245,32,Activo,2025-11-06,1,0
SKU00204,Producto 204,Electrohogar,Sony,2871899,86,Activo,2026-08-31,1,0
SKU00205,Producto 205,Videojuegos,Apple,1575383,64,Activo,2026-01-08,1,0
SKU00206,Producto 206,Televisores,Apple,2217217,28,Activo,2026-03-24,1,0
SKU00207,Producto 207,Celulares,HP,2367508,36,Activo,2025-12-04,1,0
SKU00208,Producto 208,Computadores,HP,1652697,2,Activo,2026-08-02,1,0
SKU00209,Producto 209,Electrohogar,Lenovo,3459366,31,Activo,2026-01-07,1,0
SKU00210,Producto 210,Videojuegos,LG,4043758,72,Inactivo,2025-10-19,1,0
SKU00211,Producto 211,Televisores,Sony,3809560,0,Activo,2026-09-06,1,0
SKU00212,Producto 212,Celulares,Apple,1908885,12,Activo,2026-02-19,1,0
SKU00213,Producto 213,Computadores,LG,2618642,89,Activo,2025-10-10,1,0
SKU00214,Producto 214,Electrohogar,Apple,4019996,75,Activo,2025-12-05,1,0
SKU00215,Producto 215,Videojuegos,Apple,3619384,68,Activo,2025-12-07,1,0
SKU00216,Producto 216,Televisores,Apple,3856291,43,Activo,2026-04-29,1,0
SKU00217,Producto 217,Celulares,Apple,1983893,40,Activo,2026-07-15,1,0
SKU00218,Producto 218,Computadores,LG,2697008,93,Activo,2026-07-15,1,0
SKU00219,Producto 219,Electrohogar,HP,1603149,96,Activo,2026-06-08,1,0
SKU00220,Producto 220,Videojuegos,Lenovo,4111752,28,Inactivo,2026-04-26,1,0
SKU00221,Producto 221,Televisores,HP,4450973,0,Activo,2025-11-13,1,0
SKU00222,Producto 222,Celulares,Samsung,1678376,37,Activo,2026-04-16,1,0
SKU00223,Producto 223,Computadores,Apple,1555264,30,Activo,2026-04-13,1,0
SKU00224,Producto 224,Electrohogar,Lenovo,4530649,2,Activo,2026-07-12,1,0
SKU00225,Producto 225,Videojuegos,Samsung,507397,36,Activo,2025-12-05,1,0
SKU00226,Producto 226,Televisores,Lenovo,1109309,38,Activo,2025-10-23,1,0
SKU00227,Producto 227,Celulares,Sony,910567,97,Activo,2026-09-08,1,0
SKU00228,Producto 228,Computadores,Apple,3987586,74,Activo,2026-01-12,1,0
SKU00229,Producto 229,Electrohogar,Apple,1596554,57,Activo,2026-08-19,1,0
SKU00230,Producto 230,Videojuegos,Sony,1007032,33,Inactivo,2026-08-12,1,0
SKU00231,Producto 231,Televisores,Sony,671446,0,Activo,2025-11-23,1,0
SKU00232,Producto 232,Celulares,Lenovo,499705,81,Activo,2026-06-29,1,0
SKU00233,Producto 233,Computadores,HP,2598757,20,Activo,2026-08-02,1,0
SKU00234,Producto 234,Electrohogar,Samsung,4731455,32,Activo,2026-02-13,1,0
SKU00235,Producto 235,Videojuegos,HP,1943200,78,Activo,2025-12-21,1,0
SKU00236,Producto 236,Televisores,Sony,3763812,49,Activo,2026-04-15,1,0
SKU00237,Producto 237,Celulares,Sony,2611715,76,Activo,2025-11-27,1,0
SKU00238,Producto 238,Computadores,Samsung,882431,80,Activo,2026-05-31,1,0
SKU00239,Producto 239,Electrohogar,LG,2270012,81,Activo,2025-10-11,1,0
SKU00240,Producto 240,Videojuegos,LG,2062134,11,Inactivo,2026-06-18,1,0
SKU00241,Producto 241,Televisores,Samsung,1363090,0,Activo,2026-09-13,1,0
SKU00242,Producto 242,Celulares,Sony,3991911,53,Activo,2026-04-18,1,0
SKU00243,Producto 243,Computadores,LG,2466798,5,Activo,2025-09-18,1,0
SKU00244,Producto 244,Electrohogar,Lenovo,3858690,37,Activo,2026-08-09,1,0
SKU00245,Producto 245,Videojuegos,LG,2269245,88,Activo,2025-10-29,1,0
SKU00246,Producto 246,Televisores,Lenovo,1709427,76,Activo,2026-02-09,1,0
SKU00247,Producto 247,Celulares,HP,1935838,15,Activo,2025-10-18,1,0
SKU00248,Producto 248,Computadores,Apple,1243164,20,Activo,2026-08-09,1,0
SKU00249,Producto 249,Electrohogar,LG,2630434,8,Activo,2025-11-14,1,0
SKU00250,Producto 250,Videojuegos,HP,2471041,96,Inactivo,2026-02-02,1,0
SKU00251,Producto 251,Televisores,Sony,2600901,0,Activo,2025-09-21,1,1
SKU00252,Producto 252,Celulares,Apple,4248264,52,Activo,2025-12-12,1,1
SKU00253,Producto 253,Computadores,Sony,724795,64,Activo,2025-11-12,1,1
SKU00254,Producto 254,Electrohogar,Sony,2753829,6,Activo,2025-11-09,1,1
SKU00255,Producto 255,Videojuegos,Samsung,816105,33,Activo,2026-05-20,1,1
SKU00256,Producto 256,Televisores,HP,4975144,87,Activo,2026-09-04,1,1
SKU00257,Producto 257,Celulares,Lenovo,2310822,98,Activo,2025-11-23,1,1
SKU00258,Producto 258,Computadores,LG,3996846,6,Activo,2025-12-23,1,1
SKU00259,Producto 259,Electrohogar,Sony,2383346,84,Activo,2026-06-14,1,1
SKU00260,Producto 260,Videojuegos,Sony,4174894,75,Inactivo,2026-07-30,1,1
SKU00261,Producto 261,Televisores,Apple,3475472,0,Activo,2026-03-28,1,1
SKU00262,Producto 262,Celulares,Lenovo,927447,42,Activo,2026-06-24,1,1
SKU00263,Producto 263,Computadores,Sony,4206295,43,Activo,2026-04-20,1,1
SKU00264,Producto 264,Electrohogar,Sony,4664544,85,Activo,2026-08-27,1,1
SKU00265,Producto 265,Videojuegos,Samsung,2688361,59,Activo,2026-05-08,1,1
SKU00266,Producto 266,Televisores,Samsung,3440466,42,Activo,2025-12-25,1,1
SKU00267,Producto 267,Celulares,Lenovo,4601604,1,Activo,2026-01-21,1,1
SKU00268,Producto 268,Computadores,Samsung,1623556,53,Activo,2025-12-23,1,1
SKU00269,Producto 269,Electrohogar,HP,4231663,47,Activo,2025-10-29,1,1
SKU00270,Producto 270,Videojuegos,Samsung,1757570,57,Inactivo,2026-05-01,1,1
SKU00271,Producto 271,Televisores,LG,2466163,0,Activo,2026-02-02,1,1
SKU00272,Producto 272,Celulares,Sony,1068595,90,Activo,2026-08-31,1,1
SKU00273,Producto 273,Computadores,HP,2057372,81,Activo,2025-09-16,1,1
SKU00274,Producto 274,Electrohogar,Apple,4670772,21,Activo,2026-09-07,1,1
SKU00275,Producto 275,Videojuegos,Sony,831895,71,Activo,2026-05-22,1,1
SKU00276,Producto 276,Televisores,Sony,1035377,15,Activo,2025-10-18,1,1
SKU00277,Producto 277,Celulares,Sony,2498312,20,Activo,2025-12-28,1,1
SKU00278,Producto 278,Computadores,Apple,3535385,91,Activo,2026-01-10,1,1
SKU00279,Producto 279,Electrohogar,LG,3881802,61,Activo,2025-12-06,1,1
SKU00280,Producto 280,Videojuegos,Sony,1648955,19,Inactivo,2025-11-12,1,1
SKU00281,Producto 281,Televisores,Lenovo,1195114,0,Activo,2026-08-10,1,1
SKU00282,Producto 282,Celulares,Sony,2901080,36,Activo,2025-12-29,1,1
SKU00283,Producto 283,Computadores,Samsung,2422625,35,Activo,2026-04-15,1,1
SKU00284,Producto 284,Electrohogar,HP,4157400,76,Activo,2026-06-30,1,1
SKU00285,Producto 285,Videojuegos,HP,4112950,58,Activo,2026-03-22,1,1
SKU00286,Producto 286,Televisores,HP,4608621,43,Activo,2026-03-05,1,1
SKU00287,Producto 287,Celulares,Apple,1632530,59,Activo,2025-09-22,1,1
SKU00288,Producto 288,Computadores,HP,3262592,31,Activo,2026-05-18,1,1
SKU00289,Producto 289,Electrohogar,Sony,416140,100,Activo,2026-04-05,1,1
SKU00290,Producto 290,Videojuegos,Sony,3247998,96,Inactivo,2026-03-01,1,1
SKU00291,Producto 291,Televisores,Lenovo,1325951,0,Activo,2026-01-04,1,1
SKU00292,Producto 292,Celulares,LG,4263523,5,Activo,2025-11-16,1,1
SKU00293,Producto 293,Computadores,Samsung,3743556,43,Activo,2026-07-25,1,1
SKU00294,Producto 294,Electrohogar,Sony,178744,68,Activo,2026-07-03,1,1
SKU00295,Producto 295,Videojuegos,Lenovo,1344875,53,Activo,2026-08-07,1,1
SKU00296,Producto 296,Televisores,Apple,2890057,61,Activo,2025-10-30,1,1
SKU00297,Producto 297,Celulares,Sony,723733,89,Activo,2026-03-30,1,1
SKU00298,Producto 298,Computadores,HP,3237749,87,Activo,2026-04-05,1,1
SKU00299,Producto 299,Electrohogar,Lenovo,4143200,81,Activo,2025-12-11,1,1
SKU00300,Producto 300,Videojuegos,HP,623954,5,Inactivo,2026-05-17,1,1
SKU00301,Producto 301,Televisores,Lenovo,2460709,0,Activo,2026-05-21,1,1
SKU00302,Producto 302,Celulares,Samsung,3690416,96,Activo,2026-07-26,1,1
SKU00303,Producto 303,Computadores,Lenovo,893115,98,Activo,2026-01-30,1,1
SKU00304,Producto 304,Electrohogar,Lenovo,2562103,22,Activo,2026-08-31,1,1
SKU00305,Producto 305,Videojuegos,Apple,520762,6,Activo,2026-04-17,1,1
SKU00306,Producto 306,Televisores,Apple,3662862,46,Activo,2026-07-02,1,1
SKU00307,Producto 307,Celulares,HP,3506540,32,Activo,2025-11-29,1,1
SKU00308,Producto 308,Computadores,LG,1475926,88,Activo,2026-06-17,1,1
SKU00309,Producto 309,Electrohogar,HP,3259014,11,Activo,2025-11-01,1,1
SKU00310,Producto 310,Videojuegos,LG,4224735,88,Inactivo,2025-11-20,1,1
SKU00311,Producto 311,Televisores,LG,3918405,0,Activo,2025-10-23,1,1
SKU00312,Producto 312,Celulares,Sony,2191835,33,Activo,2025-10-08,1,1
SKU00313,Producto 313,Computadores,Sony,2462829,2,Activo,2025-10-03,1,1
SKU00314,Producto 314,Electrohogar,LG,669598,70,Activo,2026-01-31,1,1
SKU00315,Producto 315,Videojuegos,HP,2559487,45,Activo,2025-10-22,1,1
SKU00316,Producto 316,Televisores,Lenovo,2147975,55,Activo,2026-01-24,1,1
SKU00317,Producto 317,Celulares,LG,3277040,39,Activo,2026-01-10,1,1
SKU00318,Producto 318,Computadores,LG,3249115,14,Activo,2025-11-26,1,1
SKU00319,Producto 319,Electrohogar,HP,2531957,46,Activo,2025-09-21,1,1
SKU00320,Producto 320,Videojuegos,Samsung,3370259,38,Inactivo,2026-04-27,1,1
SKU00321,Producto 321,Televisores,HP,461412,0,Activo,2025-11-08,1,1
SKU00322,Producto 322,Celulares,Sony,2450770,96,Activo,2026-05-20,1,1
SKU00323,Producto 323,Computadores,Apple,1887143,78,Activo,2025-10-24,1,1
SKU00324,Producto 324,Electrohogar,HP,2152409,25,Activo,2025-10-02,1,1
SKU00325,Producto 325,Videojuegos,Lenovo,1197387,97,Activo,2025-10-28,1,1
SKU00326,Producto 326,Televisores,Lenovo,380700,13,Activo,2026-04-09,1,1
SKU00327,Producto 327,Celulares,Samsung,4911817,57,Activo,2026-03-12,1,1
SKU00328,Producto 328,Computadores,LG,806093,94,Activo,2026-04-16,1,1
SKU00329,Producto 329,Electrohogar,Lenovo,3535492,42,Activo,2026-06-17,1,1
SKU00330,Producto 330,Videojuegos,LG,4574880,26,Inactivo,2026-03-11,1,1
SKU00331,Producto 331,Televisores,HP,2336125,0,Activo,2026-06-22,1,1
SKU00332,Producto 332,Celulares,Sony,2525825,33,Activo,2026-03-25,1,1
SKU00333,Producto 333,Computadores,Sony,681656,15,Activo,2026-07-04,1,1
SKU00334,Producto 334,Electrohogar,LG,3383729,97,Activo,2025-12-03,1,1
SKU00335,Producto 335,Videojuegos,Samsung,3359931,47,Activo,2026-09-07,1,1
SKU00336,Producto 336,Televisores,HP,1086737,34,Activo,2026-01-25,1,1
SKU00337,Producto 337,Celulares,Lenovo,2249169,48,Activo,2025-11-19,1,1
SKU00338,Producto 338,Computadores,Lenovo,3166146,49,Activo,2026-07-21,1,1
SKU00339,Producto 339,Electrohogar,LG,4005034,87,Activo,2026-09-02,1,1
SKU00340,Producto 340,Videojuegos,HP,2801516,80,Inactivo,2025-11-06,1,1
SKU00341,Producto 341,Televisores,Lenovo,580302,0,Activo,2025-10-24,1,1
SKU00342,Producto 342,Celulares,Lenovo,2584954,60,Activo,2025-10-17,1,1
SKU00343,Producto 343,Computadores,Samsung,1222534,53,Activo,2026-08-22,1,1
SKU00344,Producto 344,Electrohogar,Apple,4182434,5,Activo,2026-07-17,1,1
SKU00345,Producto 345,Videojuegos,LG,4559267,13,Activo,2026-07-07,1,1
SKU00346,Producto 346,Televisores,Sony,3162270,50,Activo,2025-10-06,1,1
SKU00347,Producto 347,Celulares,Lenovo,4581463,96,Activo,2026-02-12,1,1
SKU00348,Producto 348,Computadores,Lenovo,1346232,76,Activo,2026-02-14,1,1
SKU00349,Producto 349,Electrohogar,Samsung,4154940,84,Activo,2025-11-03,1,1
SKU00350,Producto 350,Videojuegos,Apple,324444,53,Inactivo,2025-09-26,1,1
SKU00351,Producto 351,Televisores,LG,3769366,0,Activo,2026-01-30,1,1
SKU00352,Producto 352,Celulares,Apple,883446,31,Activo,2025-09-28,1,1
SKU00353,Producto 353,Computadores,HP,3058774,48,Activo,2026-08-14,1,1
SKU00354,Producto 354,Electrohogar,Apple,1642229,51,Activo,2026-07-14,1,1
SKU00355,Producto 355,Videojuegos,Samsung,1829272,59,Activo,2025-10-21,1,1
SKU00356,Producto 356,Televisores,HP,229159,82,Activo,2026-08-20,1,1
SKU00357,Producto 357,Celulares,LG,1106326,43,Activo,2025-11-29,1,1
SKU00358,Producto 358,Computadores,Samsung,4699031,27,Activo,2026-05-31,1,1
SKU00359,Producto 359,Electrohogar,LG,2004534,76,Activo,2026-03-30,1,1
SKU00360,Producto 360,Videojuegos,LG,73786,100,Inactivo,2026-04-26,1,1
SKU00361,Producto 361,Televisores,LG,4581655,0,Activo,2026-05-09,1,1
SKU00362,Producto 362,Celulares,Samsung,266259,23,Activo,2026-07-09,1,1
SKU00363,Producto 363,Computadores,Apple,2045914,2,Activo,2025-11-17,1,1
SKU00364,Producto 364,Electrohogar,Samsung,1511683,42,Activo,2026-05-02,1,1
SKU00365,Producto 365,Videojuegos,LG,3581273,7,Activo,2025-12-19,1,1
SKU00366,Producto 366,Televisores,Lenovo,583163,15,Activo,2026-01-14,1,1
SKU00367,Producto 367,Celulares,Apple,4355352,58,Activo,2025-11-15,1,1
SKU00368,Producto 368,Computadores,Sony,4276505,14,Activo,2026-05-24,1,1
SKU00369,Producto 369,Electrohogar,Samsung,4424249,79,Activo,2026-04-13,1,1
SKU00370,Producto 370,Videojuegos,Lenovo,311310,59,Inactivo,2026-08-14,1,1
SKU00371,Producto 371,Televisores,Sony,3625842,0,Activo,2025-09-28,1,1
SKU00372,Producto 372,Celulares,Sony,3770870,14,Activo,2026-08-08,1,1
SKU00373,Producto 373,Computadores,Apple,1294314,11,Activo,2026-08-12,1,1
SKU00374,Producto 374,Electrohogar,Apple,4960394,17,Activo,2025-12-08,1,1
SKU00375,Producto 375,Videojuegos,Apple,3245257,92,Activo,2025-11-13,1,1
SKU00376,Producto 376,Televisores,Apple,3856040,68,Activo,2025-12-30,1,1
SKU00377,Producto 377,Celulares,Sony,881969,78,Activo,2025-09-20,1,1
SKU00378,Producto 378,Computadores,Lenovo,4674935,15,Activo,2026-05-27,1,1
SKU00379,Producto 379,Electrohogar,Sony,1966743,56,Activo,2026-02-15,1,1
SKU00380,Producto 380,Videojuegos,Sony,3394791,44,Inactivo,2026-02-14,1,1
SKU00381,Producto 381,Televisores,Samsung,2671845,0,Activo,2026-02-08,1,1
SKU00382,Producto 382,Celulares,Lenovo,2188170,41,Activo,2026-03-07,1,1
SKU00383,Producto 383,Computadores,Lenovo,4028447,20,Activo,2026-08-11,1,1
SKU00384,Producto 384,Electrohogar,Samsung,832070,12,Activo,2026-02-05,1,1
SKU00385,Producto 385,Videojuegos,Lenovo,3175988,13,Activo,2026-07-10,1,1
SKU00386,Producto 386,Televisores,Samsung,4969625,72,Activo,2025-12-01,1,1
SKU00387,Producto 387,Celulares,Apple,1075350,72,Activo,2026-02-16,1,1
SKU00388,Producto 388,Computadores,Lenovo,3597851,46,Activo,2026-08-19,1,1
SKU00389,Producto 389,Electrohogar,HP,2671011,37,Activo,2026-03-18,1,1
SKU00390,Producto 390,Videojuegos,HP,4306484,14,Inactivo,2026-05-29,1,1
SKU00391,Producto 391,Televisores,Lenovo,4094897,0,Activo,2026-05-23,1,1
SKU00392,Producto 392,Celulares,Apple,4716293,14,Activo,2026-03-10,1,1
SKU00393,Producto 393,Computadores,Apple,4865899,15,Activo,2026-05-22,1,1
SKU00394,Producto 394,Electrohogar,HP,4720271,55,Activo,2026-09-01,1,1
SKU00395,Producto 395,Videojuegos,Lenovo,2293514,78,Activo,2026-08-31,1,1
SKU00396,Producto 396,Televisores,Apple,2641951,24,Activo,2026-03-25,1,1
SKU00397,Producto 397,Celulares,Samsung,1571740,45,Activo,2026-07-03,1,1
SKU00398,Producto 398,Computadores,Lenovo,3412022,73,Activo,2026-08-10,1,1
SKU00399,Producto 399,Electrohogar,Lenovo,307170,19,Activo,2026-07-30,1,1
SKU00400,Producto 400,Videojuegos,HP,1854665,96,Inactivo,2026-03-06,1,1
SKU00401,Producto 401,Televisores,Sony,2909642,0,Activo,2026-06-26,1,1
SKU00402,Producto 402,Celulares,Apple,2771120,48,Activo,2025-11-28,1,1
SKU00403,Producto 403,Computadores,Samsung,491314,77,Activo,2026-06-27,1,1
SKU00404,Producto 404,Electrohogar,HP,467438,21,Activo,2025-10-04,1,1
SKU00405,Producto 405,Videojuegos,Apple,3767101,11,Activo,2025-10-11,1,1
SKU00406,Producto 406,Televisores,Sony,3758135,55,Activo,2026-02-14,1,1
SKU00407,Producto 407,Celulares,LG,4347872,35,Activo,2026-07-18,1,1
SKU00408,Producto 408,Computadores,Sony,980210,45,Activo,2026-04-22,1,1
SKU00409,Producto 409,Electrohogar,Lenovo,4132171,87,Activo,2025-12-19,1,1
SKU00410,Producto 410,Videojuegos,Apple,430988,86,Inactivo,2026-05-25,1,1
SKU00411,Producto 411,Televisores,HP,509544,0,Activo,2026-09-11,1,1
SKU00412,Producto 412,Celulares,Apple,1821959,27,Activo,2026-07-06,1,1
SKU00413,Producto 413,Computadores,Apple,2478058,98,Activo,2026-03-31,1,1
SKU00414,Producto 414,Electrohogar,Samsung,4222370,16,Activo,2026-02-06,1,1
SKU00415,Producto 415,Videojuegos,LG,3239411,23,Activo,2025-12-16,1,1
SKU00416,Producto 416,Televisores,LG,4246504,91,Activo,2025-12-02,1,1
SKU00417,Producto 417,Celulares,Apple,654613,86,Activo,2026-02-23,1,1
SKU00418,Producto 418,Computadores,Samsung,3709275,95,Activo,2026-09-05,1,1
SKU00419,Producto 419,Electrohogar,Samsung,2676142,59,Activo,2025-11-24,1,1
SKU00420,Producto 420,Videojuegos,HP,3442545,55,Inactivo,2025-09-16,1,1
SKU00421,Producto 421,Televisores,Sony,2478629,0,Activo,2026-07-18,1,1
SKU00422,Producto 422,Celulares,Samsung,2774352,52,Activo,2026-06-19,1,1
SKU00423,Producto 423,Computadores,Sony,3085440,80,Activo,2026-07-31,1,1
SKU00424,Producto 424,Electrohogar,Samsung,2091086,56,Activo,2026-02-03,1,1
SKU00425,Producto 425,Videojuegos,Sony,4445316,76,Activo,2026-08-05,1,1
SKU00426,Producto 426,Televisores,Apple,2898043,51,Activo,2026-05-24,1,1
SKU00427,Producto 427,Celulares,LG,690716,43,Activo,2025-12-27,1,1
SKU00428,Producto 428,Computadores,Samsung,4501035,82,Activo,2025-12-27,1,1
SKU00429,Producto 429,Electrohogar,Apple,2995238,25,Activo,2025-10-19,1,1
SKU00430,Producto 430,Videojuegos,LG,912386,19,Inactivo,2026-07-02,1,1
SKU00431,Producto 431,Televisores,LG,1505415,0,Activo,2025-11-10,1,1
SKU00432,Producto 432,Celulares,Lenovo,682109,20,Activo,2026-06-16,1,1
SKU00433,Producto 433,Computadores,Lenovo,4194954,99,Activo,2026-01-20,1,1
SKU00434,Producto 434,Electrohogar,HP,4910930,97,Activo,2026-01-28,1,1
SKU00435,Producto 435,Videojuegos,HP,2761267,88,Activo,2025-10-28,1,1
SKU00436,Producto 436,Televisores,LG,3738997,41,Activo,2026-08-11,1,1
SKU00437,Producto 437,Celulares,Sony,2590241,61,Activo,2026-04-27,1,1
SKU00438,Producto 438,Computadores,Samsung,3002305,76,Activo,2025-12-29,1,1
SKU00439,Producto 439,Electrohogar,Apple,3923376,10,Activo,2026-01-26,1,1
SKU00440,Producto 440,Videojuegos,Samsung,3143195,5,Inactivo,2026-04-21,1,1
SKU00441,Producto 441,Televisores,Lenovo,807461,0,Activo,2025-11-04,1,1
SKU00442,Producto 442,Celulares,HP,3275272,77,Activo,2026-01-21,1,1
SKU00443,Producto 443,Computadores,HP,394123,75,Activo,2026-01-27,1,1
SKU00444,Producto 444,Electrohogar,Lenovo,1629067,74,Activo,2026-04-03,1,1
SKU00445,Producto 445,Videojuegos,Sony,4255773,78,Activo,2026-06-29,1,1
SKU00446,Producto 446,Televisores,Sony,918236,8,Activo,2026-03-23,1,1
SKU00447,Producto 447,Celulares,Samsung,4282463,92,Activo,2025-10-19,1,1
SKU00448,Producto 448,Computadores,Samsung,2128224,23,Activo,2025-09-17,1,1
SKU00449,Producto 449,Electrohogar,Sony,4446205,57,Activo,2025-12-21,1,1
SKU00450,Producto 450,Videojuegos,LG,3102597,79,Inactivo,2026-03-08,1,1
SKU00451,Producto 451,Televisores,Sony,3479006,0,Activo,2026-03-25,1,1
SKU00452,Producto 452,Celulares,HP,489273,87,Activo,2025-10-26,1,1
SKU00453,Producto 453,Computadores,Apple,602908,83,Activo,2026-03-30,1,1
SKU00454,Producto 454,Electrohogar,HP,3292735,13,Activo,2026-04-22,1,1
SKU00455,Producto 455,Videojuegos,Lenovo,1311422,33,Activo,2026-03-28,1,1
SKU00456,Producto 456,Televisores,HP,1236387,11,Activo,2026-03-19,1,1
SKU00457,Producto 457,Celulares,Lenovo,3337981,40,Activo,2026-07-10,1,1
SKU00458,Producto 458,Computadores,Lenovo,760674,77,Activo,2026-04-09,1,1
SKU00459,Producto 459,Electrohogar,Sony,2805461,72,Activo,2026-07-11,1,1
SKU00460,Producto 460,Videojuegos,Lenovo,4465707,86,Inactivo,2026-07-29,1,1
SKU00461,Producto 461,Televisores,Lenovo,3601790,0,Activo,2025-12-28,1,1
SKU00462,Producto 462,Celulares,Samsung,3091689,47,Activo,2026-04-09,1,1
SKU00463,Producto 463,Computadores,LG,2916658,24,Activo,2026-01-09,1,1
SKU00464,Producto 464,Electrohogar,LG,1203981,25,Activo,2026-06-27,1,1
SKU00465,Producto 465,Videojuegos,Apple,898430,10,Activo,2025-12-29,1,1
SKU00466,Producto 466,Televisores,HP,4466867,99,Activo,2026-08-26,1,1
SKU00467,Producto 467,Celulares,Apple,1149319,85,Activo,2025-11-13,1,1
SKU00468,Producto 468,Computadores,LG,1411028,49,Activo,2026-06-14,1,1
SKU00469,Producto 469,Electrohogar,HP,1438643,89,Activo,2026-02-02,1,1
SKU00470,Producto 470,Videojuegos,Sony,3105964,6,Inactivo,2025-10-03,1,1
SKU00471,Producto 471,Televisores,LG,3776208,0,Activo,2025-11-06,1,1
SKU00472,Producto 472,Celulares,Lenovo,3815880,37,Activo,2026-05-18,1,1
SKU00473,Producto 473,Computadores,LG,2646004,69,Activo,2026-01-17,1,1
SKU00474,Producto 474,Electrohogar,Apple,4835024,25,Activo,2026-02-01,1,1
SKU00475,Producto 475,Videojuegos,Apple,3253378,60,Activo,2025-12-31,1,1
SKU00476,Producto 476,Televisores,Sony,1409442,68,Activo,2026-06-04,1,1
SKU00477,Producto 477,Celulares,LG,2147178,78,Activo,2026-08-19,1,1
SKU00478,Producto 478,Computadores,Sony,3163952,83,Activo,2025-12-05,1,1
SKU00479,Producto 479,Electrohogar,Lenovo,4377761,14,Activo,2026-07-13,1,1
SKU00480,Producto 480,Videojuegos,Samsung,1394797,37,Inactivo,2026-04-28,1,1
SKU00481,Producto 481,Televisores,HP,1286050,0,Activo,2026-02-03,1,1
SKU00482,Producto 482,Celulares,LG,3834335,12,Activo,2026-03-20,1,1
SKU00483,Producto 483,Computadores,Sony,496751,4,Activo,2026-02-24,1,1
SKU00484,Producto 484,Electrohogar,Apple,2027849,65,Activo,2026-03-01,1,1
SKU00485,Producto 485,Videojuegos,Apple,1933567,11,Activo,2026-08-31,1,1
SKU00486,Producto 486,Televisores,Samsung,2862619,41,Activo,2026-07-02,1,1
SKU00487,Producto 487,Celulares,Samsung,2456518,18,Activo,2026-01-16,1,1
SKU00488,Producto 488,Computadores,LG,3985180,90,Activo,2026-01-28,1,1
SKU00489,Producto 489,Electrohogar,Samsung,714593,79,Activo,2026-09-05,1,1
SKU00490,Producto 490,Videojuegos,LG,1304261,33,Inactivo,2025-12-08,1,1
SKU00491,Producto 491,Televisores,HP,4477268,0,Activo,2026-02-10,1,1
SKU00492,Producto 492,Celulares,Apple,2043470,15,Activo,2026-04-13,1,1
SKU00493,Producto 493,Computadores,Samsung,2050175,16,Activo,2026-02-12,1,1
SKU00494,Producto 494,Electrohogar,HP,3884546,82,Activo,2026-08-13,1,1
SKU00495,Producto 495,Videojuegos,Sony,4546745,15,Activo,2026-09-06,1,1
SKU00496,Producto 496,Televisores,HP,4873847,81,Activo,2026-05-14,1,1
SKU00497,Producto 497,Celulares,LG,2493366,92,Activo,2026-02-07,1,1
SKU00498,Producto 498,Computadores,HP,3009635,1,Activo,2026-05-14,1,1
SKU00499,Producto 499,Electrohogar,Sony,1621302,74,Activo,2025-10-09,1,1
SKU00500,Producto 500,Videojuegos,Samsung,4441306,86,Inactivo,2026-03-14,1,1
SKU00501,Producto 501,Televisores,HP,4614090,0,Activo,2025-12-29,1,1
SKU00502,Producto 502,Celulares,HP,220576,65,Activo,2026-02-27,1,1
SKU00503,Producto 503,Computadores,Samsung,3295395,61,Activo,2026-03-07,1,1
SKU00504,Producto 504,Electrohogar,Lenovo,186249,33,Activo,2026-03-16,1,1
SKU00505,Producto 505,Videojuegos,Apple,2072710,9,Activo,2025-10-13,1,1
SKU00506,Producto 506,Televisores,Samsung,4931358,81,Activo,2026-03-28,1,1
SKU00507,Producto 507,Celulares,Samsung,3005298,18,Activo,2025-12-09,1,1
SKU00508,Producto 508,Computadores,Lenovo,1518754,44,Activo,2025-09-29,1,1
SKU00509,Producto 509,Electrohogar,Lenovo,4064210,60,Activo,2025-10-26,1,1
SKU00510,Producto 510,Videojuegos,LG,579325,24,Inactivo,2026-01-23,1,1
SKU00511,Producto 511,Televisores,Apple,1741067,0,Activo,2026-08-23,1,1
SKU00512,Producto 512,Celulares,Samsung,2697409,26,Activo,2026-04-09,1,1
SKU00513,Producto 513,Computadores,Sony,4605271,66,Activo,2026-01-15,1,1
SKU00514,Producto 514,Electrohogar,Samsung,1653091,33,Activo,2026-04-21,1,1
SKU00515,Producto 515,Videojuegos,Samsung,2834386,46,Activo,2026-04-28,1,1
SKU00516,Producto 516,Televisores,Apple,3715413,16,Activo,2026-02-22,1,1
SKU00517,Producto 517,Celulares,Sony,3293411,96,Activo,2026-03-25,1,1
SKU00518,Producto 518,Computadores,Sony,4223528,24,Activo,2026-03-10,1,1
SKU00519,Producto 519,Electrohogar,Apple,742995,67,Activo,2026-02-09,1,1
SKU00520,Producto 520,Videojuegos,Sony,1563778,11,Inactivo,2025-12-09,1,1
SKU00521,Producto 521,Televisores,Apple,910653,0,Activo,2026-08-05,1,1
SKU00522,Producto 522,Celulares,Lenovo,2530007,42,Activo,2026-04-11,1,1
SKU00523,Producto 523,Computadores,HP,3624520,58,Activo,2026-06-21,1,1
SKU00524,Producto 524,Electrohogar,Sony,2998989,89,Activo,2026-01-29,1,1
SKU00525,Producto 525,Videojuegos,Lenovo,3007481,6,Activo,2025-11-04,1,1
SKU00526,Producto 526,Televisores,Apple,531154,56,Activo,2026-08-07,1,1
SKU00527,Producto 527,Celulares,Lenovo,3457538,86,Activo,2026-03-12,1,1
SKU00528,Producto 528,Computadores,Lenovo,1392065,66,Activo,2026-08-30,1,1
SKU00529,Producto 529,Electrohogar,HP,3725660,19,Activo,2026-08-28,1,1
SKU00530,Producto 530,Videojuegos,Samsung,2029672,17,Inactivo,2025-10-19,1,1
SKU00531,Producto 531,Televisores,Apple,3261615,0,Activo,2025-11-28,1,1
SKU00532,Producto 532,Celulares,HP,1337132,5,Activo,2025-10-02,1,1
SKU00533,Producto 533,Computadores,Apple,3170674,58,Activo,2026-01-30,1,1
SKU00534,Producto 534,Electrohogar,Samsung,4864404,98,Activo,2026-07-06,1,1
SKU00535,Producto 535,Videojuegos,Apple,3388951,68,Activo,2026-04-07,1,1
SKU00536,Producto 536,Televisores,Apple,2143894,84,Activo,2026-07-18,1,1
SKU00537,Producto 537,Celulares,Lenovo,1610684,4,Activo,2026-01-02,1,1
SKU00538,Producto 538,Computadores,Sony,4761652,67,Activo,2026-07-16,1,1
SKU00539,Producto 539,Electrohogar,Apple,3793610,34,Activo,2026-05-28,1,1
SKU00540,Producto 540,Videojuegos,Apple,4170485,79,Inactivo,2026-06-04,1,1
SKU00541,Producto 541,Televisores,LG,671193,0,Activo,2026-01-26,1,1
SKU00542,Producto 542,Celulares,Lenovo,3783863,23,Activo,2026-08-01,1,1
SKU00543,Producto 543,Computadores,Apple,2964414,88,Activo,2025-09-16,1,1
SKU00544,Producto 544,Electrohogar,HP,4598063,9,Activo,2026-04-19,1,1
SKU00545,Producto 545,Videojuegos,LG,1510381,39,Activo,2026-03-13,1,1
SKU00546,Producto 546,Televisores,LG,1068062,66,Activo,2026-06-04,1,1
SKU00547,Producto 547,Celulares,LG,4194156,18,Activo,2026-09-01,1,1
SKU00548,Producto 548,Computadores,HP,4850610,47,Activo,2026-03-10,1,1
SKU00549,Producto 549,Electrohogar,HP,1138599,60,Activo,2025-11-05,1,1
SKU00550,Producto 550,Videojuegos,Samsung,2644518,12,Inactivo,2026-02-23,1,1
SKU00551,Producto 551,Televisores,Lenovo,4065333,0,Activo,2025-12-19,1,1
SKU00552,Producto 552,Celulares,Sony,4872615,53,Activo,2026-08-08,1,1
SKU00553,Producto 553,Computadores,Apple,672141,17,Activo,2026-01-27,1,1
SKU00554,Producto 554,Electrohogar,Lenovo,4389930,60,Activo,2026-03-22,1,1
SKU00555,Producto 555,Videojuegos,HP,4980706,17,Activo,2026-06-13,1,1
SKU00556,Producto 556,Televisores,LG,3679065,99,Activo,2025-12-31,1,1
SKU00557,Producto 557,Celulares,Samsung,4396155,8,Activo,2026-06-28,1,1
SKU00558,Producto 558,Computadores,LG,1408677,39,Activo,2026-04-02,1,1
SKU00559,Producto 559,Electrohogar,LG,2952651,91,Activo,2025-12-23,1,1
SKU00560,Producto 560,Videojuegos,Samsung,2152229,37,Inactivo,2026-06-06,1,1
SKU00561,Producto 561,Televisores,HP,2352262,0,Activo,2026-07-12,1,1
SKU00562,Producto 562,Celulares,Apple,4525138,81,Activo,2026-07-29,1,1
SKU00563,Producto 563,Computadores,Lenovo,1464620,65,Activo,2025-11-15,1,1
SKU00564,Producto 564,Electrohogar,LG,1486134,75,Activo,2025-10-12,1,1
SKU00565,Producto 565,Videojuegos,Lenovo,2882158,80,Activo,2025-11-30,1,1
SKU00566,Producto 566,Televisores,Samsung,731346,6,Activo,2026-08-22,1,1
SKU00567,Producto 567,Celulares,HP,2270094,83,Activo,2025-10-16,1,1
SKU00568,Producto 568,Computadores,HP,3544583,27,Activo,2025-11-02,1,1
SKU00569,Producto 569,Electrohogar,Samsung,4227846,82,Activo,2025-10-28,1,1
SKU00570,Producto 570,Videojuegos,Apple,2584149,70,Inactivo,2026-01-10,1,1
SKU00571,Producto 571,Televisores,Lenovo,3456551,0,Activo,2026-04-15,1,1
SKU00572,Producto 572,Celulares,Samsung,552586,59,Activo,2026-06-26,1,1
SKU00573,Producto 573,Computadores,Sony,4112192,57,Activo,2026-01-20,1,1
SKU00574,Producto 574,Electrohogar,Apple,1255180,27,Activo,2026-04-07,1,1
SKU00575,Producto 575,Videojuegos,Apple,2947178,92,Activo,2026-02-22,1,1
SKU00576,Producto 576,Televisores,Apple,4369966,17,Activo,2025-12-01,1,1
SKU00577,Producto 577,Celulares,Apple,2077844,14,Activo,2026-01-19,1,1
SKU00578,Producto 578,Computadores,Apple,3821484,16,Activo,2026-05-11,1,1
SKU00579,Producto 579,Electrohogar,Samsung,474507,19,Activo,2026-04-19,1,1
SKU00580,Producto 580,Videojuegos,HP,3557568,50,Inactivo,2026-05-10,1,1
SKU00581,Producto 581,Televisores,Apple,4895990,0,Activo,2026-04-07,1,1
SKU00582,Producto 582,Celulares,LG,4229754,25,Activo,2025-12-25,1,1
SKU00583,Producto 583,Computadores,Sony,2638225,60,Activo,2026-01-03,1,1
SKU00584,Producto 584,Electrohogar,Samsung,3348754,3,Activo,2025-12-30,1,1
SKU00585,Producto 585,Videojuegos,LG,1854762,59,Activo,2025-11-20,1,1
SKU00586,Producto 586,Televisores,Samsung,473963,46,Activo,2026-04-23,1,1
SKU00587,Producto 587,Celulares,HP,3997568,64,Activo,2026-04-21,1,1
SKU00588,Producto 588,Computadores,Samsung,951750,69,Activo,2026-02-06,1,1
SKU00589,Producto 589,Electrohogar,Apple,3118365,18,Activo,2026-02-20,1,1
SKU00590,Producto 590,Videojuegos,Samsung,3410322,47,Inactivo,2026-08-19,1,1
SKU00591,Producto 591,Televisores,HP,1682887,0,Activo,2026-03-13,1,1
SKU00592,Producto 592,Celulares,Apple,666829,71,Activo,2026-03-01,1,1
SKU00593,Producto 593,Computadores,Sony,4662535,65,Activo,2026-04-24,1,1
SKU00594,Producto 594,Electrohogar,Lenovo,1046659,80,Activo,2026-07-11,1,1
SKU00595,Producto 595,Videojuegos,Sony,3180614,13,Activo,2026-03-25,1,1
SKU00596,Producto 596,Televisores,Apple,1260202,72,Activo,2026-06-05,1,1
SKU00597,Producto 597,Celulares,HP,3417078,78,Activo,2026-01-01,1,1
SKU00598,Producto 598,Computadores,Samsung,376434,6,Activo,2026-07-06,1,1
SKU00599,Producto 599,Electrohogar,Apple,4024053,92,Activo,2025-12-23,1,1
SKU00600,Producto 600,Videojuegos,LG,4374375,59,Inactivo,2026-07-05,1,1
SKU00601,Producto 601,Televisores,HP,2722023,0,Activo,2026-06-23,1,1
SKU00602,Producto 602,Celulares,HP,2560159,51,Activo,2025-11-15,1,1
SKU00603,Producto 603,Computadores,HP,4325791,44,Activo,2025-12-16,1,1
SKU00604,Producto 604,Electrohogar,Lenovo,4772150,63,Activo,2026-04-14,1,1
SKU00605,Producto 605,Videojuegos,Samsung,3140009,61,Activo,2026-03-29,1,1
SKU00606,Producto 606,Televisores,Samsung,3544193,87,Activo,2025-11-20,1,1
SKU00607,Producto 607,Celulares,Lenovo,273532,40,Activo,2025-11-13,1,1
SKU00608,Producto 608,Computadores,Apple,4902594,61,Activo,2025-11-23,1,1
SKU00609,Producto 609,Electrohogar,Lenovo,480798,30,Activo,2025-11-20,1,1
SKU00610,Producto 610,Videojuegos,LG,4447579,62,Inactivo,2025-10-27,1,1
SKU00611,Producto 611,Televisores,HP,3239267,0,Activo,2026-07-01,1,1
SKU00612,Producto 612,Celulares,LG,314832,88,Activo,2025-11-25,1,1
SKU00613,Producto 613,Computadores,Samsung,1650414,90,Activo,2026-09-05,1,1
SKU00614,Producto 614,Electrohogar,Apple,3562983,57,Activo,2026-06-29,1,1
SKU00615,Producto 615,Videojuegos,Lenovo,1760367,53,Activo,2026-02-16,1,1
SKU00616,Producto 616,Televisores,HP,4006113,65,Activo,2026-08-14,1,1
SKU00617,Producto 617,Celulares,LG,4401030,91,Activo,2026-05-31,1,1
SKU00618,Producto 618,Computadores,Apple,4062866,72,Activo,2025-12-19,1,1
SKU00619,Producto 619,Electrohogar,Apple,1502759,49,Activo,2026-01-22,1,1
SKU00620,Producto 620,Videojuegos,Apple,4632471,69,Inactivo,2026-03-17,1,1
SKU00621,Producto 621,Televisores,Lenovo,2267630,0,Activo,2025-11-06,1,1
SKU00622,Producto 622,Celulares,LG,2117952,62,Activo,2026-04-25,1,1
SKU00623,Producto 623,Computadores,Apple,1936321,72,Activo,2026-04-15,1,1
SKU00624,Producto 624,Electrohogar,Apple,1788772,99,Activo,2025-09-26,1,1
SKU00625,Producto 625,Videojuegos,Sony,2709530,91,Activo,2026-01-12,1,1
SKU00626,Producto 626,Televisores,HP,2343928,45,Activo,2026-04-20,1,1
SKU00627,Producto 627,Celulares,HP,4606615,16,Activo,2026-03-04,1,1
SKU00628,Producto 628,Computadores,Apple,1278730,51,Activo,2026-04-19,1,1
SKU00629,Producto 629,Electrohogar,Apple,712946,6,Activo,2026-03-21,1,1
SKU00630,Producto 630,Videojuegos,Lenovo,2201207,57,Inactivo,2026-01-12,1,1
SKU00631,Producto 631,Televisores,LG,4567919,0,Activo,2026-04-29,1,1
SKU00632,Producto 632,Celulares,Lenovo,2328526,72,Activo,2026-07-06,1,1
SKU00633,Producto 633,Computadores,HP,4972691,14,Activo,2026-05-15,1,1
SKU00634,Producto 634,Electrohogar,Samsung,4504698,32,Activo,2026-05-22,1,1
SKU00635,Producto 635,Videojuegos,LG,490327,82,Activo,2026-07-25,1,1
SKU00636,Producto 636,Televisores,Apple,4012811,53,Activo,2026-07-25,1,1
SKU00637,Producto 637,Celulares,LG,93465,88,Activo,2025-12-07,1,1
SKU00638,Producto 638,Computadores,Sony,4040457,21,Activo,2026-01-13,1,1
SKU00639,Producto 639,Electrohogar,LG,2459586,84,Activo,2026-04-03,1,1
SKU00640,Producto 640,Videojuegos,Lenovo,546291,37,Inactivo,2026-07-31,1,1
SKU00641,Producto 641,Televisores,HP,1998004,0,Activo,2025-12-15,1,1
SKU00642,Producto 642,Celulares,Lenovo,362880,95,Activo,2026-06-17,1,1
SKU00643,Producto 643,Computadores,LG,354840,54,Activo,2026-02-23,1,1
SKU00644,Producto 644,Electrohogar,LG,2478224,64,Activo,2026-08-26,1,1
SKU00645,Producto 645,Videojuegos,Apple,4814409,2,Activo,2025-11-10,1,1
SKU00646,Producto 646,Televisores,Apple,2437076,14,Activo,2026-01-25,1,1
SKU00647,Producto 647,Celulares,HP,4448302,83,Activo,2026-01-05,1,1
SKU00648,Producto 648,Computadores,HP,3976042,18,Activo,2026-04-28,1,1
SKU00649,Producto 649,Electrohogar,Samsung,2823979,25,Activo,2026-06-23,1,1
SKU00650,Producto 650,Videojuegos,Sony,2208094,94,Inactivo,2026-06-11,1,1
SKU00651,Producto 651,Televisores,Lenovo,2877901,0,Activo,2026-04-16,1,1
SKU00652,Producto 652,Celulares,Lenovo,1670354,73,Activo,2026-06-17,1,1
SKU00653,Producto 653,Computadores,Lenovo,3451499,79,Activo,2026-02-08,1,1
SKU00654,Producto 654,Electrohogar,Apple,777609,66,Activo,2026-02-21,1,1
SKU00655,Producto 655,Videojuegos,Samsung,1600057,86,Activo,2026-07-05,1,1
SKU00656,Producto 656,Televisores,Apple,2130769,62,Activo,2026-09-11,1,1
SKU00657,Producto 657,Celulares,Sony,2025695,34,Activo,2026-01-29,1,1
SKU00658,Producto 658,Computadores,Apple,2815097,97,Activo,2026-04-13,1,1
SKU00659,Producto 659,Electrohogar,Lenovo,4855643,75,Activo,2026-09-09,1,1
SKU00660,Producto 660,Videojuegos,Lenovo,3066141,34,Inactivo,2025-09-25,1,1
SKU00661,Producto 661,Televisores,Samsung,1041741,0,Activo,2026-01-19,1,1
SKU00662,Producto 662,Celulares,LG,3450881,40,Activo,2025-09-28,1,1
SKU00663,Producto 663,Computadores,Lenovo,2658672,65,Activo,2025-09-26,1,1
SKU00664,Producto 664,Electrohogar,Lenovo,2524954,16,Activo,2026-03-10,1,1
SKU00665,Producto 665,Videojuegos,LG,1888183,79,Activo,2026-07-08,1,1
SKU00666,Producto 666,Televisores,LG,3866637,62,Activo,2025-11-08,1,1
SKU00667,Producto 667,Celulares,Sony,4657312,48,Activo,2026-01-16,1,1
SKU00668,Producto 668,Computadores,HP,1882169,97,Activo,2026-05-11,1,1
SKU00669,Producto 669,Electrohogar,HP,736777,88,Activo,2025-12-19,1,1
SKU00670,Producto 670,Videojuegos,HP,3084871,58,Inactivo,2026-08-06,1,1
SKU00671,Producto 671,Televisores,Samsung,568064,0,Activo,2025-12-08,1,1
SKU00672,Producto 672,Celulares,LG,4854169,65,Activo,2025-12-14,1,1
SKU00673,Producto 673,Computadores,LG,2802450,20,Activo,2025-12-22,1,1
SKU00674,Producto 674,Electrohogar,Samsung,1773032,57,Activo,2025-11-20,1,1
SKU00675,Producto 675,Videojuegos,Samsung,4331338,63,Activo,2026-01-29,1,1
SKU00676,Producto 676,Televisores,Sony,1156829,8,Activo,2025-12-26,1,1
SKU00677,Producto 677,Celulares,Sony,4780429,54,Activo,2026-08-16,1,1
SKU00678,Producto 678,Computadores,Sony,2635113,72,Activo,2026-09-03,1,1
SKU00679,Producto 679,Electrohogar,Apple,75295,51,Activo,2026-05-26,1,1
SKU00680,Producto 680,Videojuegos,Samsung,429918,75,Inactivo,2026-02-10,1,1
SKU00681,Producto 681,Televisores,Lenovo,584856,0,Activo,2025-12-11,1,1
SKU00682,Producto 682,Celulares,Samsung,4010020,8,Activo,2026-08-29,1,1
SKU00683,Producto 683,Computadores,Sony,1559792,37,Activo,2026-07-07,1,1
SKU00684,Producto 684,Electrohogar,Lenovo,3576251,99,Activo,2026-03-07,1,1
SKU00685,Producto 685,Videojuegos,Sony,3216668,49,Activo,2026-03-06,1,1
SKU00686,Producto 686,Televisores,Lenovo,4573978,11,Activo,2026-07-08,1,1
SKU00687,Producto 687,Celulares,Apple,1045167,84,Activo,2026-06-15,1,1
SKU00688,Producto 688,Computadores,Sony,4486252,69,Activo,2026-07-11,1,1
SKU00689,Producto 689,Electrohogar,LG,79136,94,Activo,2026-09-03,1,1
SKU00690,Producto 690,Videojuegos,Sony,4617138,39,Inactivo,2026-02-09,1,1
SKU00691,Producto 691,Televisores,Sony,1976561,0,Activo,2026-05-11,1,1
SKU00692,Producto 692,Celulares,Apple,1351252,59,Activo,2026-04-26,1,1
SKU00693,Producto 693,Computadores,Lenovo,996609,25,Activo,2026-08-29,1,1
SKU00694,Producto 694,Electrohogar,Sony,181246,85,Activo,2026-05-14,1,1
SKU00695,Producto 695,Videojuegos,Samsung,896382,27,Activo,2025-11-14,1,1
SKU00696,Producto 696,Televisores,Sony,458326,5,Activo,2026-05-12,1,1
SKU00697,Producto 697,Celulares,Samsung,3424446,95,Activo,2026-02-02,1,1
SKU00698,Producto 698,Computadores,HP,1872586,30,Activo,2026-08-17,1,1
SKU00699,Producto 699,Electrohogar,HP,2476517,18,Activo,2026-05-18,1,1
SKU00700,Producto 700,Videojuegos,HP,2725158,94,Inactivo,2025-11-23,1,1
SKU00701,Producto 701,Televisores,Lenovo,2739933,0,Activo,2026-05-16,1,1
SKU00702,Producto 702,Celulares,LG,4422570,39,Activo,2026-05-24,1,1
SKU00703,Producto 703,Computadores,Apple,2358158,53,Activo,2026-08-14,1,1
SKU00704,Producto 704,Electrohogar,HP,1519123,72,Activo,2025-10-29,1,1
SKU00705,Producto 705,Videojuegos,Sony,4712813,87,Activo,2026-01-04,1,1
SKU00706,Producto 706,Televisores,Apple,3247356,7,Activo,2025-12-20,1,1
SKU00707,Producto 707,Celulares,Lenovo,3542384,41,Activo,2026-02-17,1,1
SKU00708,Producto 708,Computadores,Apple,3207976,20,Activo,2026-06-12,1,1
SKU00709,Producto 709,Electrohogar,HP,4022163,97,Activo,2026-05-14,1,1
SKU00710,Producto 710,Videojuegos,Apple,1260910,29,Inactivo,2026-01-20,1,1
SKU00711,Producto 711,Televisores,HP,3511789,0,Activo,2026-02-13,1,1
SKU00712,Producto 712,Celulares,HP,1174851,72,Activo,2026-02-28,1,1
SKU00713,Producto 713,Computadores,Apple,1755712,32,Activo,2026-03-29,1,1
SKU00714,Producto 714,Electrohogar,Samsung,3823085,83,Activo,2026-03-09,1,1
SKU00715,Producto 715,Videojuegos,HP,1647875,12,Activo,2026-08-19,1,1
SKU00716,Producto 716,Televisores,Sony,381748,35,Activo,2026-08-08,1,1
SKU00717,Producto 717,Celulares,HP,4737977,25,Activo,2026-05-26,1,1
SKU00718,Producto 718,Computadores,LG,2843107,62,Activo,2026-04-12,1,1
SKU00719,Producto 719,Electrohogar,LG,1644034,2,Activo,2026-07-16,1,1
SKU00720,Producto 720,Videojuegos,Sony,2085019,96,Inactivo,2025-09-23,1,1
SKU00721,Producto 721,Televisores,Lenovo,1765580,0,Activo,2026-02-23,1,1
SKU00722,Producto 722,Celulares,HP,2747902,31,Activo,2026-04-23,1,1
SKU00723,Producto 723,Computadores,Sony,4526581,49,Activo,2025-10-17,1,1
SKU00724,Producto 724,Electrohogar,Apple,2244137,46,Activo,2026-03-14,1,1
SKU00725,Producto 725,Videojuegos,Sony,3959125,66,Activo,2026-07-26,1,1
SKU00726,Producto 726,Televisores,Sony,2736311,93,Activo,2026-06-02,1,1
SKU00727,Producto 727,Celulares,Apple,3522297,48,Activo,2026-08-22,1,1
SKU00728,Producto 728,Computadores,LG,1274088,73,Activo,2026-09-06,1,1
SKU00729,Producto 729,Electrohogar,HP,4949214,34,Activo,2025-11-22,1,1
SKU00730,Producto 730,Videojuegos,Sony,2526252,93,Inactivo,2026-06-28,1,1
SKU00731,Producto 731,Televisores,Apple,1979536,0,Activo,2026-03-04,1,1
SKU00732,Producto 732,Celulares,LG,4238444,73,Activo,2025-12-07,1,1
SKU00733,Producto 733,Computadores,Lenovo,2881694,84,Activo,2026-05-06,1,1
SKU00734,Producto 734,Electrohogar,Sony,4165414,98,Activo,2026-01-22,1,1
SKU00735,Producto 735,Videojuegos,Lenovo,3004267,22,Activo,2026-06-20,1,1
SKU00736,Producto 736,Televisores,Lenovo,4634762,18,Activo,2026-01-07,1,1
SKU00737,Producto 737,Celulares,HP,542680,24,Activo,2025-12-20,1,1
SKU00738,Producto 738,Computadores,Samsung,456968,5,Activo,2026-09-11,1,1
SKU00739,Producto 739,Electrohogar,LG,1991404,53,Activo,2026-08-11,1,1
SKU00740,Producto 740,Videojuegos,LG,126684,91,Inactivo,2026-05-26,1,1
SKU00741,Producto 741,Televisores,Sony,3180634,0,Activo,2026-08-15,1,1
SKU00742,Producto 742,Celulares,Lenovo,4103410,80,Activo,2025-10-12,1,1
SKU00743,Producto 743,Computadores,Samsung,105468,63,Activo,2025-12-16,1,1
SKU00744,Producto 744,Electrohogar,Sony,149413,71,Activo,2026-09-06,1,1
SKU00745,Producto 745,Videojuegos,Lenovo,2354692,68,Activo,2025-12-14,1,1
SKU00746,Producto 746,Televisores,Samsung,4262893,37,Activo,2025-09-22,1,1
SKU00747,Producto 747,Celulares,Sony,1553799,87,Activo,2026-07-22,1,1
SKU00748,Producto 748,Computadores,HP,1299042,13,Activo,2026-05-14,1,1
SKU00749,Producto 749,Electrohogar,HP,4466232,25,Activo,2026-05-08,1,1
SKU00750,Producto 750,Videojuegos,Apple,3379408,46,Inactivo,2026-08-05,1,1
SKU00751,Producto 751,Televisores,Sony,3900352,0,Activo,2025-11-29,1,1
SKU00752,Producto 752,Celulares,Lenovo,1944627,32,Activo,2026-04-14,1,1
SKU00753,Producto 753,Computadores,Samsung,315788,88,Activo,2026-07-29,1,1
SKU00754,Producto 754,Electrohogar,Sony,3213927,52,Activo,2025-12-06,1,1
SKU00755,Producto 755,Videojuegos,Samsung,129273,61,Activo,2025-09-20,1,1
SKU00756,Producto 756,Televisores,Samsung,4243116,22,Activo,2026-02-04,1,1
SKU00757,Producto 757,Celulares,Apple,4796749,83,Activo,2026-07-28,1,1
SKU00758,Producto 758,Computadores,Samsung,1977421,68,Activo,2026-05-29,1,1
SKU00759,Producto 759,Electrohogar,HP,4038785,89,Activo,2026-04-29,1,1
SKU00760,Producto 760,Videojuegos,Samsung,2401939,6,Inactivo,2025-12-10,1,1
SKU00761,Producto 761,Televisores,Lenovo,326000,0,Activo,2026-06-15,1,1
SKU00762,Producto 762,Celulares,Samsung,1787768,41,Activo,2025-11-18,1,1
SKU00763,Producto 763,Computadores,Lenovo,3391149,19,Activo,2026-08-06,1,1
SKU00764,Producto 764,Electrohogar,LG,4780824,39,Activo,2026-05-14,1,1
SKU00765,Producto 765,Videojuegos,Sony,4584566,73,Activo,2026-03-29,1,1
SKU00766,Producto 766,Televisores,Lenovo,1223990,50,Activo,2025-09-27,1,1
SKU00767,Producto 767,Celulares,Samsung,4250954,93,Activo,2026-03-21,1,1
SKU00768,Producto 768,Computadores,Samsung,3716562,7,Activo,2026-05-19,1,1
SKU00769,Producto 769,Electrohogar,Apple,3377786,10,Activo,2026-03-31,1,1
SKU00770,Producto 770,Videojuegos,Lenovo,2342833,4,Inactivo,2026-01-27,1,1
SKU00771,Producto 771,Televisores,LG,3034760,0,Activo,2025-12-05,1,1
SKU00772,Producto 772,Celulares,Sony,1608081,49,Activo,2025-10-01,1,1
SKU00773,Producto 773,Computadores,Lenovo,3238281,75,Activo,2026-08-02,1,1
SKU00774,Producto 774,Electrohogar,HP,2527822,99,Activo,2026-05-11,1,1
SKU00775,Producto 775,Videojuegos,Samsung,738184,92,Activo,2026-04-30,1,1
SKU00776,Producto 776,Televisores,Sony,1344168,20,Activo,2026-02-27,1,1
SKU00777,Producto 777,Celulares,Apple,943813,41,Activo,2026-07-30,1,1
SKU00778,Producto 778,Computadores,Apple,3780714,1,Activo,2026-03-14,1,1
SKU00779,Producto 779,Electrohogar,Apple,907579,98,Activo,2026-07-09,1,1
SKU00780,Producto 780,Videojuegos,LG,3665318,12,Inactivo,2026-01-28,1,1
SKU00781,Producto 781,Televisores,HP,4348665,0,Activo,2026-02-18,1,1
SKU00782,Producto 782,Celulares,Samsung,801777,14,Activo,2026-03-17,1,1
SKU00783,Producto 783,Computadores,Samsung,2771518,71,Activo,2026-03-01,1,1
SKU00784,Producto 784,Electrohogar,Apple,3521290,2,Activo,2026-02-28,1,1
SKU00785,Producto 785,Videojuegos,Samsung,4743732,100,Activo,2026-05-13,1,1
SKU00786,Producto 786,Televisores,HP,1472564,74,Activo,2025-09-29,1,1
SKU00787,Producto 787,Celulares,LG,1214674,49,Activo,2026-04-30,1,1
SKU00788,Producto 788,Computadores,Apple,4186623,39,Activo,2026-07-02,1,1
SKU00789,Producto 789,Electrohogar,LG,3696328,9,Activo,2026-04-26,1,1
SKU00790,Producto 790,Videojuegos,Apple,4112026,54,Inactivo,2026-08-06,1,1
SKU00791,Producto 791,Televisores,Apple,2118547,0,Activo,2025-10-29,1,1
SKU00792,Producto 792,Celulares,HP,1690377,64,Activo,2026-01-23,1,1
SKU00793,Producto 793,Computadores,LG,2605656,14,Activo,2026-09-11,1,1
SKU00794,Producto 794,Electrohogar,Apple,3236747,51,Activo,2026-03-30,1,1
SKU00795,Producto 795,Videojuegos,Apple,3662270,57,Activo,2025-10-16,1,1
SKU00796,Producto 796,Televisores,LG,2570233,77,Activo,2026-04-03,1,1
SKU00797,Producto 797,Celulares,Lenovo,1734864,78,Activo,2026-01-12,1,1
SKU00798,Producto 798,Computadores,LG,3390675,41,Activo,2026-04-04,1,1
SKU00799,Producto 799,Electrohogar,Lenovo,4168867,38,Activo,2025-11-24,1,1
SKU00800,Producto 800,Videojuegos,Apple,3204580,32,Inactivo,2026-04-24,1,1
SKU00801,Producto 801,Televisores,Apple,1005360,0,Activo,2025-11-30,1,1
SKU00802,Producto 802,Celulares,HP,4627068,26,Activo,2026-06-14,1,1
SKU00803,Producto 803,Computadores,HP,275788,88,Activo,2026-01-21,1,1
SKU00804,Producto 804,Electrohogar,LG,3728026,91,Activo,2026-04-18,1,1
SKU00805,Producto 805,Videojuegos,Samsung,3482128,89,Activo,2025-10-05,1,1
SKU00806,Producto 806,Televisores,LG,2590344,64,Activo,2026-05-14,1,1
SKU00807,Producto 807,Celulares,Lenovo,1343047,33,Activo,2026-02-10,1,1
SKU00808,Producto 808,Computadores,Samsung,3817044,49,Activo,2025-11-12,1,1
SKU00809,Producto 809,Electrohogar,HP,3412196,62,Activo,2025-12-15,1,1
SKU00810,Producto 810,Videojuegos,Lenovo,3558960,65,Inactivo,2025-12-10,1,1
SKU00811,Producto 811,Televisores,Apple,4553893,0,Activo,2025-11-14,1,1
SKU00812,Producto 812,Celulares,Samsung,967457,82,Activo,2026-05-10,1,1
SKU00813,Producto 813,Computadores,Lenovo,3028029,85,Activo,2026-06-21,1,1
SKU00814,Producto 814,Electrohogar,HP,421587,83,Activo,2025-11-30,1,1
SKU00815,Producto 815,Videojuegos,Lenovo,3402236,83,Activo,2026-03-29,1,1
SKU00816,Producto 816,Televisores,Samsung,138481,56,Activo,2026-07-26,1,1
SKU00817,Producto 817,Celulares,LG,4333862,34,Activo,2025-12-23,1,1
SKU00818,Producto 818,Computadores,HP,4875424,72,Activo,2026-05-24,1,1
SKU00819,Producto 819,Electrohogar,Apple,3331071,58,Activo,2026-01-20,1,1
SKU00820,Producto 820,Videojuegos,Lenovo,4987450,99,Inactivo,2025-09-26,1,1
SKU00821,Producto 821,Televisores,LG,2943796,0,Activo,2026-09-02,1,1
SKU00822,Producto 822,Celulares,Samsung,2528265,62,Activo,2026-02-14,1,1
SKU00823,Producto 823,Computadores,Samsung,1238457,11,Activo,2026-03-20,1,1
SKU00824,Producto 824,Electrohogar,Apple,3869606,40,Activo,2026-06-01,1,1
SKU00825,Producto 825,Videojuegos,Sony,2971754,67,Activo,2026-01-14,1,1
SKU00826,Producto 826,Televisores,Sony,3845402,13,Activo,2026-04-04,1,1
SKU00827,Producto 827,Celulares,Apple,424828,9,Activo,2025-09-16,1,1
SKU00828,Producto 828,Computadores,Samsung,2927946,15,Activo,2025-10-18,1,1
SKU00829,Producto 829,Electrohogar,Lenovo,1428702,14,Activo,2026-05-13,1,1
SKU00830,Producto 830,Videojuegos,LG,4679759,67,Inactivo,2026-06-25,1,1
SKU00831,Producto 831,Televisores,HP,3626645,0,Activo,2026-01-21,1,1
SKU00832,Producto 832,Celulares,Sony,1597293,30,Activo,2026-06-11,1,1
SKU00833,Producto 833,Computadores,Lenovo,3675006,82,Activo,2026-02-24,1,1
SKU00834,Producto 834,Electrohogar,Lenovo,1705277,4,Activo,2026-01-27,1,1
SKU00835,Producto 835,Videojuegos,Sony,3311790,76,Activo,2026-09-12,1,1
SKU00836,Producto 836,Televisores,LG,1776245,91,Activo,2026-04-25,1,1
SKU00837,Producto 837,Celulares,Lenovo,574822,97,Activo,2025-11-23,1,1
SKU00838,Producto 838,Computadores,HP,1618332,14,Activo,2026-03-11,1,1
SKU00839,Producto 839,Electrohogar,LG,3888211,42,Activo,2026-07-18,1,1
SKU00840,Producto 840,Videojuegos,Lenovo,4156089,34,Inactivo,2025-12-18,1,1
SKU00841,Producto 841,Televisores,Apple,3310142,0,Activo,2025-11-06,1,1
SKU00842,Producto 842,Celulares,HP,1008248,51,Activo,2026-03-20,1,1
SKU00843,Producto 843,Computadores,Sony,1497265,46,Activo,2025-10-05,1,1
SKU00844,Producto 844,Electrohogar,Apple,760951,91,Activo,2025-10-05,1,1
SKU00845,Producto 845,Videojuegos,Apple,1038695,18,Activo,2026-05-15,1,1
SKU00846,Producto 846,Televisores,Samsung,1585488,40,Activo,2026-03-07,1,1
SKU00847,Producto 847,Celulares,LG,4335109,89,Activo,2026-02-28,1,1
SKU00848,Producto 848,Computadores,HP,1206514,54,Activo,2025-11-24,1,1
SKU00849,Producto 849,Electrohogar,Sony,1608214,50,Activo,2026-01-08,1,1
SKU00850,Producto 850,Videojuegos,HP,1503198,82,Inactivo,2025-12-04,1,1
SKU00851,Producto 851,Televisores,Sony,2472921,0,Activo,2026-07-05,1,1
SKU00852,Producto 852,Celulares,Apple,3833270,24,Activo,2025-11-01,1,1
SKU00853,Producto 853,Computadores,Apple,130391,7,Activo,2026-01-09,1,1
SKU00854,Producto 854,Electrohogar,LG,3270757,18,Activo,2025-12-01,1,1
SKU00855,Producto 855,Videojuegos,Lenovo,4202108,65,Activo,2026-02-17,1,1
SKU00856,Producto 856,Televisores,Sony,3536560,88,Activo,2025-09-16,1,1
SKU00857,Producto 857,Celulares,Sony,1453023,57,Activo,2026-08-03,1,1
SKU00858,Producto 858,Computadores,Samsung,1899935,73,Activo,2026-04-18,1,1
SKU00859,Producto 859,Electrohogar,Apple,1936123,5,Activo,2025-12-13,1,1
SKU00860,Producto 860,Videojuegos,LG,3886289,37,Inactivo,2025-11-29,1,1
SKU00861,Producto 861,Televisores,Sony,4661437,0,Activo,2025-12-27,1,1
SKU00862,Producto 862,Celulares,HP,1008034,15,Activo,2026-04-30,1,1
SKU00863,Producto 863,Computadores,HP,3127459,100,Activo,2025-12-11,1,1
SKU00864,Producto 864,Electrohogar,Samsung,3752451,97,Activo,2025-12-09,1,1
SKU00865,Producto 865,Videojuegos,Sony,909131,28,Activo,2025-10-15,1,1
SKU00866,Producto 866,Televisores,LG,2547363,97,Activo,2026-08-29,1,1
SKU00867,Producto 867,Celulares,Apple,2974075,58,Activo,2026-08-01,1,1
SKU00868,Producto 868,Computadores,Samsung,2037647,57,Activo,2026-05-30,1,1
SKU00869,Producto 869,Electrohogar,HP,2991304,95,Activo,2025-09-16,1,1
SKU00870,Producto 870,Videojuegos,Lenovo,3641725,79,Inactivo,2026-06-22,1,1
SKU00871,Producto 871,Televisores,LG,1783251,0,Activo,2026-06-01,1,1
SKU00872,Producto 872,Celulares,HP,2992853,8,Activo,2025-12-16,1,1
SKU00873,Producto 873,Computadores,HP,4569518,36,Activo,2026-06-20,1,1
SKU00874,Producto 874,Electrohogar,Lenovo,2504797,42,Activo,2026-04-19,1,1
SKU00875,Producto 875,Videojuegos,Apple,4365225,74,Activo,2025-10-02,1,1
SKU00876,Producto 876,Televisores,LG,3502719,13,Activo,2026-08-15,1,1
SKU00877,Producto 877,Celulares,Lenovo,1114415,36,Activo,2025-09-20,1,1
SKU00878,Producto 878,Computadores,LG,1276778,17,Activo,2025-09-15,1,1
SKU00879,Producto 879,Electrohogar,LG,3344212,42,Activo,2026-01-07,1,1
SKU00880,Producto 880,Videojuegos,HP,2304162,19,Inactivo,2025-10-28,1,1
SKU00881,Producto 881,Televisores,Sony,3841581,0,Activo,2026-08-07,1,1
SKU00882,Producto 882,Celulares,Samsung,3429357,82,Activo,2025-12-25,1,1
SKU00883,Producto 883,Computadores,Apple,3145993,96,Activo,2026-01-25,1,1
SKU00884,Producto 884,Electrohogar,Apple,4931796,63,Activo,2026-09-13,1,1
SKU00885,Producto 885,Videojuegos,Lenovo,831328,100,Activo,2026-01-23,1,1
SKU00886,Producto 886,Televisores,Lenovo,3054990,82,Activo,2026-08-13,1,1
SKU00887,Producto 887,Celulares,Sony,1877289,69,Activo,2026-02-07,1,1
SKU00888,Producto 888,Computadores,Sony,2302650,28,Activo,2026-04-02,1,1
SKU00889,Producto 889,Electrohogar,Apple,4641173,37,Activo,2025-11-23,1,1
SKU00890,Producto 890,Videojuegos,HP,4121309,17,Inactivo,2026-03-23,1,1
SKU00891,Producto 891,Televisores,Samsung,435397,0,Activo,2026-07-26,1,1
SKU00892,Producto 892,Celulares,Sony,186577,81,Activo,2026-07-13,1,1
SKU00893,Producto 893,Computadores,Sony,3879551,21,Activo,2026-09-14,1,1
SKU00894,Producto 894,Electrohogar,LG,1156567,55,Activo,2025-10-17,1,1
SKU00895,Producto 895,Videojuegos,LG,2348641,39,Activo,2026-07-29,1,1
SKU00896,Producto 896,Televisores,Apple,2150417,84,Activo,2026-08-03,1,1
SKU00897,Producto 897,Celulares,Lenovo,1438525,48,Activo,2026-08-19,1,1
SKU00898,Producto 898,Computadores,Lenovo,2612797,51,Activo,2025-09-21,1,1
SKU00899,Producto 899,Electrohogar,LG,3650650,97,Activo,2025-10-14,1,1
SKU00900,Producto 900,Videojuegos,Lenovo,848458,12,Inactivo,2026-09-14,1,1
SKU00901,Producto 901,Televisores,Sony,703797,0,Activo,2026-07-09,1,1
SKU00902,Producto 902,Celulares,LG,4407414,76,Activo,2025-10-01,1,1
SKU00903,Producto 903,Computadores,Samsung,117633,57,Activo,2025-09-23,1,1
SKU00904,Producto 904,Electrohogar,Samsung,3592626,44,Activo,2025-09-24,1,1
SKU00905,Producto 905,Videojuegos,Sony,644150,17,Activo,2026-05-20,1,1
SKU00906,Producto 906,Televisores,Samsung,909221,50,Activo,2026-07-24,1,1
SKU00907,Producto 907,Celulares,Apple,2560335,41,Activo,2026-07-06,1,1
SKU00908,Producto 908,Computadores,LG,1248338,49,Activo,2026-08-10,1,1
SKU00909,Producto 909,Electrohogar,HP,121091,68,Activo,2025-11-06,1,1
SKU00910,Producto 910,Videojuegos,LG,3741821,84,Inactivo,2026-03-19,1,1
SKU00911,Producto 911,Televisores,LG,1319818,0,Activo,2026-02-16,1,1
SKU00912,Producto 912,Celulares,Lenovo,3760984,79,Activo,2026-05-26,1,1
SKU00913,Producto 913,Computadores,Samsung,1224515,12,Activo,2026-07-13,1,1
SKU00914,Producto 914,Electrohogar,Lenovo,3271493,76,Activo,2026-03-19,1,1
SKU00915,Producto 915,Videojuegos,Apple,1222980,55,Activo,2026-05-11,1,1
SKU00916,Producto 916,Televisores,Lenovo,756729,36,Activo,2026-05-10,1,1
SKU00917,Producto 917,Celulares,HP,2440088,71,Activo,2025-09-26,1,1
SKU00918,Producto 918,Computadores,Lenovo,2580418,4,Activo,2026-06-01,1,1
SKU00919,Producto 919,Electrohogar,HP,4324185,67,Activo,2026-06-10,1,1
SKU00920,Producto 920,Videojuegos,Sony,2529186,96,Inactivo,2025-10-19,1,1
SKU00921,Producto 921,Televisores,LG,4201419,0,Activo,2026-03-01,1,1
SKU00922,Producto 922,Celulares,LG,4240802,15,Activo,2025-10-23,1,1
SKU00923,Producto 923,Computadores,Samsung,4481588,77,Activo,2026-09-08,1,1
SKU00924,Producto 924,Electrohogar,Apple,1157152,47,Activo,2026-02-28,1,1
SKU00925,Producto 925,Videojuegos,Sony,3115301,73,Activo,2025-12-09,1,1
SKU00926,Producto 926,Televisores,LG,4001157,88,Activo,2026-08-08,1,1
SKU00927,Producto 927,Celulares,HP,616504,3,Activo,2026-09-07,1,1
SKU00928,Producto 928,Computadores,LG,384091,34,Activo,2026-08-15,1,1
SKU00929,Producto 929,Electrohogar,HP,2453233,51,Activo,2025-10-28,1,1
SKU00930,Producto 930,Videojuegos,HP,3534896,92,Inactivo,2026-02-10,1,1
SKU00931,Producto 931,Televisores,Sony,741454,0,Activo,2025-10-22,1,1
SKU00932,Producto 932,Celulares,HP,1330776,69,Activo,2026-04-25,1,1
SKU00933,Producto 933,Computadores,Apple,712880,11,Activo,2025-12-27,1,1
SKU00934,Producto 934,Electrohogar,LG,4549566,27,Activo,2026-03-31,1,1
SKU00935,Producto 935,Videojuegos,HP,604613,51,Activo,2026-04-09,1,1
SKU00936,Producto 936,Televisores,Sony,2051835,90,Activo,2026-08-16,1,1
SKU00937,Producto 937,Celulares,Samsung,3694712,32,Activo,2026-07-17,1,1
SKU00938,Producto 938,Computadores,HP,511613,59,Activo,2026-04-09,1,1
SKU00939,Producto 939,Electrohogar,Lenovo,1523424,86,Activo,2026-07-15,1,1
SKU00940,Producto 940,Videojuegos,Lenovo,1201015,2,Inactivo,2025-09-20,1,1
SKU00941,Producto 941,Televisores,LG,4214213,0,Activo,2026-03-21,1,1
SKU00942,Producto 942,Celulares,HP,2224721,67,Activo,2026-06-21,1,1
SKU00943,Producto 943,Computadores,LG,2304559,48,Activo,2026-07-16,1,1
SKU00944,Producto 944,Electrohogar,Samsung,2860276,99,Activo,2026-02-07,1,1
SKU00945,Producto 945,Videojuegos,HP,585797,35,Activo,2026-05-03,1,1
SKU00946,Producto 946,Televisores,HP,696510,92,Activo,2026-01-03,1,1
SKU00947,Producto 947,Celulares,HP,3070938,59,Activo,2026-08-17,1,1
SKU00948,Producto 948,Computadores,HP,1449902,64,Activo,2026-03-10,1,1
SKU00949,Producto 949,Electrohogar,Apple,913228,21,Activo,2025-11-25,1,1
SKU00950,Producto 950,Videojuegos,Lenovo,1017488,87,Inactivo,2026-05-21,1,1
SKU00951,Producto 951,Televisores,HP,71546,0,Activo,2026-08-23,1,1
SKU00952,Producto 952,Celulares,LG,435721,2,Activo,2026-01-16,1,1
SKU00953,Producto 953,Computadores,Sony,1309001,47,Activo,2026-06-15,1,1
SKU00954,Producto 954,Electrohogar,HP,3567924,5,Activo,2026-05-23,1,1
SKU00955,Producto 955,Videojuegos,LG,3541813,42,Activo,2026-04-04,1,1
SKU00956,Producto 956,Televisores,Samsung,4844391,35,Activo,2026-03-08,1,1
SKU00957,Producto 957,Celulares,HP,491846,16,Activo,2026-06-15,1,1
SKU00958,Producto 958,Computadores,HP,435276,29,Activo,2026-02-21,1,1
SKU00959,Producto 959,Electrohogar,Sony,2418161,9,Activo,2026-04-08,1,1
SKU00960,Producto 960,Videojuegos,Samsung,4689666,42,Inactivo,2026-01-24,1,1
SKU00961,Producto 961,Televisores,Apple,1733351,0,Activo,2026-04-18,1,1
SKU00962,Producto 962,Celulares,Apple,2084942,73,Activo,2026-01-20,1,1
SKU00963,Producto 963,Computadores,HP,4188609,48,Activo,2026-06-06,1,1
SKU00964,Producto 964,Electrohogar,HP,2106273,94,Activo,2026-06-29,1,1
SKU00965,Producto 965,Videojuegos,Sony,250573,1,Activo,2026-05-18,1,1
SKU00966,Producto 966,Televisores,Apple,130487,70,Activo,2026-03-27,1,1
SKU00967,Producto 967,Celulares,Lenovo,3206422,1,Activo,2026-04-10,1,1
SKU00968,Producto 968,Computadores,LG,4494406,14,Activo,2026-05-16,1,1
SKU00969,Producto 969,Electrohogar,Sony,552436,54,Activo,2026-07-04,1,1
SKU00970,Producto 970,Videojuegos,Apple,830364,92,Inactivo,2026-08-23,1,1
SKU00971,Producto 971,Televisores,HP,3514971,0,Activo,2025-09-21,1,1
SKU00972,Producto 972,Celulares,Sony,762213,48,Activo,2025-11-21,1,1
SKU00973,Producto 973,Computadores,HP,1169995,13,Activo,2025-10-23,1,1
SKU00974,Producto 974,Electrohogar,Samsung,4813225,51,Activo,2026-08-14,1,1
SKU00975,Producto 975,Videojuegos,Lenovo,1146460,56,Activo,2026-05-16,1,1
SKU00976,Producto 976,Televisores,Apple,2692486,38,Activo,2026-02-25,1,1
SKU00977,Producto 977,Celulares,Lenovo,2786796,90,Activo,2026-04-05,1,1
SKU00978,Producto 978,Computadores,Apple,2009673,58,Activo,2026-08-07,1,1
SKU00979,Producto 979,Electrohogar,LG,4954886,26,Activo,2026-07-21,1,1
SKU00980,Producto 980,Videojuegos,Samsung,1428877,20,Inactivo,2026-01-27,1,1
SKU00981,Producto 981,Televisores,Apple,3460074,0,Activo,2026-07-15,1,1
SKU00982,Producto 982,Celulares,Apple,1791778,69,Activo,2026-01-26,1,1
SKU00983,Producto 983,Computadores,Sony,2273047,40,Activo,2026-07-15,1,1
SKU00984,Producto 984,Electrohogar,LG,2601940,12,Activo,2025-09-19,1,1
SKU00985,Producto 985,Videojuegos,HP,388310,90,Activo,2026-05-27,1,1
SKU00986,Producto 986,Televisores,LG,815149,42,Activo,2025-09-15,1,1
SKU00987,Producto 987,Celulares,Apple,3373939,32,Activo,2025-12-26,1,1
SKU00988,Producto 988,Computadores,Lenovo,2556857,7,Activo,2026-05-04,1,1
SKU00989,Producto 989,Electrohogar,Samsung,3442287,23,Activo,2026-01-26,1,1
SKU00990,Producto 990,Videojuegos,Lenovo,4664748,72,Inactivo,2026-05-10,1,1
SKU00991,Producto 991,Televisores,Sony,904860,0,Activo,2026-07-05,1,1
SKU00992,Producto 992,Celulares,Samsung,567318,16,Activo,2026-05-24,1,1
SKU00993,Producto 993,Computadores,LG,3410323,17,Activo,2026-03-08,1,1
SKU00994,Producto 994,Electrohogar,Lenovo,754973,88,Activo,2025-11-20,1,1
SKU00995,Producto 995,Videojuegos,Apple,679038,76,Activo,2026-09-03,1,1
SKU00996,Producto 996,Televisores,LG,3769771,9,Activo,2026-07-11,1,1
SKU00997,Producto 997,Celulares,Apple,1077836,12,Activo,2026-08-24,1,1
SKU00998,Producto 998,Computadores,Samsung,1459195,60,Activo,2025-11-25,1,1
SKU00999,Producto 999,Electrohogar,Lenovo,3363489,56,Activo,2026-01-03,1,1
SKU01000,Producto 1000,Videojuegos,Sony,3629117,4,Inactivo,2026-06-18,1,1
SKU00522,Producto 522,Celulares,Lenovo,2530007,42,Activo,2026-09-14,1,1
SKU00738,Producto 738,Computadores,Samsung,456968,5,Activo,2026-09-14,1,1
SKU00741,Producto 741,Televisores,Sony,3180634,0,Activo,2026-09-14,1,1
SKU00661,Producto 661,Televisores,Samsung,1041741,0,Activo,2026-09-14,1,1
SKU00412,Producto 412,Celulares,Apple,1821959,27,Activo,2026-09-14,1,1
SKU00679,Producto 679,Electrohogar,Apple,75295,51,Activo,2026-09-14,1,1
SKU00627,Producto 627,Celulares,HP,4606615,16,Activo,2026-09-14,1,1
SKU00514,Producto 514,Electrohogar,Samsung,1653091,33,Activo,2026-09-14,1,1
SKU00860,Producto 860,Videojuegos,LG,3886289,37,Inactivo,2026-09-14,1,1
SKU00137,Producto 137,Celulares,LG,3576959,17,Activo,2026-09-14,0,0
SKU00812,Producto 812,Celulares,Samsung,967457,82,Activo,2026-09-14,1,1
SKU00077,Producto 77,televisores,Apple,3866886,50,Activo,2026-09-14,0,0
SKU00637,Producto 637,Celulares,LG,93465,88,Activo,2026-09-14,1,1
SKU00974,Producto 974,Electrohogar,Samsung,4813225,51,Activo,2026-09-14,1,1
SKU00939,Producto 939,Electrohogar,Lenovo,1523424,86,Activo,2026-09-14,1,1
SKU00900,Producto 900,Videojuegos,Lenovo,848458,12,Inactivo,2026-09-14,1,1
SKU00281,Producto 281,Televisores,Lenovo,1195114,0,Activo,2026-09-14,1,1
SKU00884,Producto 884,Electrohogar,Apple,4931796,63,Activo,2026-09-14,1,1
SKU00762,Producto 762,Celulares,Samsung,1787768,41,Activo,2026-09-14,1,1
SKU00320,Producto 320,Videojuegos,Samsung,3370259,38,Inactivo,2026-09-14,1,1
